=== rounds rev=d6232e5 2026-10-01T09:11:51.313Z ===
[INFO] Scanning for projects...
[INFO] 
[INFO] ------------------------< com.exam:exam-online >------------------------
[INFO] Building exam-online 0.1.0-SNAPSHOT
[INFO]   from pom.xml
[INFO] --------------------------------[ jar ]---------------------------------
[INFO] 
[INFO] --- jacoco:0.8.12:prepare-agent (jacoco-prepare-agent) @ exam-online ---
[INFO] argLine set to -javaagent:D:\\code\\examOnline\\.m2-repo\\org\\jacoco\\org.jacoco.agent\\0.8.12\\org.jacoco.agent-0.8.12-runtime.jar=destfile=D:\\code\\examOnline\\target\\jacoco.exec,excludes=com/exam/ExamOnlineApplication.class:com/exam/**/dto/**:com/exam/**/entity/**
[INFO] 
[INFO] --- resources:3.3.1:resources (default-resources) @ exam-online ---
[INFO] Copying 3 resources from src\main\resources to target\classes
[INFO] Copying 1 resource from src\main\resources to target\classes
[INFO] 
[INFO] --- compiler:3.14.0:compile (default-compile) @ exam-online ---
[INFO] Nothing to compile - all classes are up to date.
[INFO] 
[INFO] --- resources:3.3.1:testResources (default-testResources) @ exam-online ---
[INFO] Copying 2 resources from src\test\resources to target\test-classes
[INFO] 
[INFO] --- compiler:3.14.0:testCompile (default-testCompile) @ exam-online ---
[INFO] Nothing to compile - all classes are up to date.
[INFO] 
[INFO] --- surefire:3.5.3:test (default-test) @ exam-online ---
[INFO] Using auto detected provider org.apache.maven.surefire.junitplatform.JUnitPlatformProvider
[INFO] 
[INFO] -------------------------------------------------------
[INFO]  T E S T S
[INFO] -------------------------------------------------------
[INFO] Running com.exam.scalar.measure.GradingScoreProjectionMeasureIT
17:12:19.761 [main] INFO org.springframework.boot.test.context.SpringBootTestContextBootstrapper -- Found @SpringBootConfiguration com.exam.ExamOnlineApplication for test class com.exam.scalar.measure.GradingScoreProjectionMeasureIT

  .   ____          _            __ _ _
 /\\ / ___'_ __ _ _(_)_ __  __ _ \ \ \ \
( ( )\___ | '_ | '_| | '_ \/ _` | \ \ \ \
 \\/  ___)| |_)| | | | | || (_| |  ) ) ) )
  '  |____| .__|_| |_|_| |_\__, | / / / /
 =========|_|==============|___/=/_/_/_/

 :: Spring Boot ::                (v3.5.5)

2026-10-01 17:12:20.962 [main] [] [] INFO  c.e.s.m.GradingScoreProjectionMeasureIT - Starting GradingScoreProjectionMeasureIT using Java 21.0.9 with PID 9168 (started by fzdzzj in D:\code\examOnline)
2026-10-01 17:12:20.965 [main] [] [] INFO  c.e.s.m.GradingScoreProjectionMeasureIT - The following 1 profile is active: "test"
2026-10-01 17:12:31.449 [main] [] [] INFO  o.s.d.r.c.RepositoryConfigurationDelegate - Multiple Spring Data modules found, entering strict repository configuration mode
2026-10-01 17:12:31.456 [main] [] [] INFO  o.s.d.r.c.RepositoryConfigurationDelegate - Bootstrapping Spring Data Redis repositories in DEFAULT mode.
2026-10-01 17:12:31.695 [main] [] [] INFO  o.s.d.r.c.RepositoryConfigurationDelegate - Finished Spring Data repository scanning in 182 ms. Found 0 Redis repository interfaces.
2026-10-01 17:12:33.729 [main] [] [] WARN  o.s.c.s.PostProcessorRegistrationDelegate$BeanPostProcessorChecker - Bean 'io.opentelemetry.instrumentation.spring.autoconfigure.OpenTelemetryAutoConfiguration$OpenTelemetrySdkConfig' of type [io.opentelemetry.instrumentation.spring.autoconfigure.OpenTelemetryAutoConfiguration$OpenTelemetrySdkConfig$$SpringCGLIB$$0] is not eligible for getting processed by all BeanPostProcessors (for example: not eligible for auto-proxying). Is this bean getting eagerly injected/applied to a currently created BeanPostProcessor [meterRegistryPostProcessor]? Check the corresponding BeanPostProcessor declaration and its dependencies/advisors. If this bean does not have to be post-processed, declare it with ROLE_INFRASTRUCTURE.
2026-10-01 17:12:33.747 [main] [] [] WARN  o.s.c.s.PostProcessorRegistrationDelegate$BeanPostProcessorChecker - Bean 'mapConverter' of type [io.opentelemetry.instrumentation.spring.autoconfigure.internal.MapConverter] is not eligible for getting processed by all BeanPostProcessors (for example: not eligible for auto-proxying). Is this bean getting eagerly injected/applied to a currently created BeanPostProcessor [meterRegistryPostProcessor]? Check the corresponding BeanPostProcessor declaration and its dependencies/advisors. If this bean does not have to be post-processed, declare it with ROLE_INFRASTRUCTURE.
2026-10-01 17:12:35.460 [main] [] [] INFO  c.e.a.collector.BehaviorEventRegistry - 注册行为事件策略: DRAFT_CONFLICT -> DraftConflictEventCollector
2026-10-01 17:12:35.463 [main] [] [] INFO  c.e.a.collector.BehaviorEventRegistry - 注册行为事件策略: PAGE_REFRESH -> PageRefreshEventCollector
2026-10-01 17:12:35.464 [main] [] [] INFO  c.e.a.collector.BehaviorEventRegistry - 注册行为事件策略: SUBMIT_ANOMALY -> SubmitAnomalyEventCollector
2026-10-01 17:12:35.464 [main] [] [] INFO  c.e.a.collector.BehaviorEventRegistry - 注册行为事件策略: SWITCH_SCREEN -> SwitchScreenEventCollector
2026-10-01 17:12:35.464 [main] [] [] INFO  c.e.a.collector.BehaviorEventRegistry - 注册行为事件策略: WINDOW_BLUR -> WindowBlurEventCollector
2026-10-01 17:12:35.630 [main] [] [] INFO  com.zaxxer.hikari.HikariDataSource - master - Starting...
2026-10-01 17:12:36.227 [main] [] [] INFO  com.zaxxer.hikari.pool.HikariPool - master - Added connection com.mysql.cj.jdbc.ConnectionImpl@3d99d327
2026-10-01 17:12:36.231 [main] [] [] INFO  com.zaxxer.hikari.HikariDataSource - master - Start completed.
2026-10-01 17:12:36.252 [main] [] [] INFO  com.zaxxer.hikari.HikariDataSource - slave - Starting...
2026-10-01 17:12:36.276 [main] [] [] INFO  com.zaxxer.hikari.pool.HikariPool - slave - Added connection com.mysql.cj.jdbc.ConnectionImpl@58690f5e
2026-10-01 17:12:36.276 [main] [] [] INFO  com.zaxxer.hikari.HikariDataSource - slave - Start completed.
2026-10-01 17:12:36.276 [main] [] [] INFO  c.b.d.d.DynamicRoutingDataSource - dynamic-datasource - add a datasource named [slave] success
2026-10-01 17:12:36.277 [main] [] [] INFO  c.b.d.d.DynamicRoutingDataSource - dynamic-datasource - add a datasource named [master] success
2026-10-01 17:12:36.277 [main] [] [] INFO  c.b.d.d.DynamicRoutingDataSource - dynamic-datasource initial loaded [2] datasource,primary datasource named [master]
2026-10-01 17:12:40.729 [main] [] [] INFO  c.e.g.strategy.GradingStrategyRegistry - 注册判分策略: JUDGE -> JudgeGradingStrategy
2026-10-01 17:12:40.729 [main] [] [] INFO  c.e.g.strategy.GradingStrategyRegistry - 注册判分策略: MULTIPLE -> MultipleChoiceGradingStrategy
2026-10-01 17:12:40.729 [main] [] [] INFO  c.e.g.strategy.GradingStrategyRegistry - 注册判分策略: SHORT_ANSWER -> ShortAnswerGradingStrategy
2026-10-01 17:12:40.729 [main] [] [] INFO  c.e.g.strategy.GradingStrategyRegistry - 注册判分策略: SINGLE -> SingleChoiceGradingStrategy
2026-10-01 17:12:45.323 [main] [] [] INFO  o.s.b.a.e.web.EndpointLinksResolver - Exposing 3 endpoints beneath base path '/actuator'
2026-10-01 17:12:45.503 [main] [] [] INFO  o.s.a.r.c.CachingConnectionFactory - Attempting to connect to: [127.0.0.1:5672]
2026-10-01 17:12:45.532 [main] [] [] INFO  o.s.a.r.l.SimpleMessageListenerContainer - Broker not available; cannot force queue declarations during start: java.net.ConnectException: Connection refused: getsockopt
2026-10-01 17:12:45.549 [org.springframework.amqp.rabbit.RabbitListenerEndpointContainer#0-1] [] [] INFO  o.s.a.r.c.CachingConnectionFactory - Attempting to connect to: [127.0.0.1:5672]
2026-10-01 17:12:45.578 [org.springframework.amqp.rabbit.RabbitListenerEndpointContainer#0-1] [] [] ERROR o.s.a.r.l.SimpleMessageListenerContainer - Failed to check/redeclare auto-delete queue(s).
org.springframework.amqp.AmqpConnectException: java.net.ConnectException: Connection refused: getsockopt
	at org.springframework.amqp.rabbit.support.RabbitExceptionTranslator.convertRabbitAccessException(RabbitExceptionTranslator.java:61)
	at org.springframework.amqp.rabbit.connection.AbstractConnectionFactory.createBareConnection(AbstractConnectionFactory.java:632)
	at org.springframework.amqp.rabbit.connection.CachingConnectionFactory.createConnection(CachingConnectionFactory.java:726)
	at org.springframework.amqp.rabbit.connection.ConnectionFactoryUtils.createConnection(ConnectionFactoryUtils.java:257)
	at org.springframework.amqp.rabbit.core.RabbitTemplate.doExecute(RabbitTemplate.java:2262)
	at org.springframework.amqp.rabbit.core.RabbitTemplate.execute(RabbitTemplate.java:2235)
	at org.springframework.amqp.rabbit.core.RabbitTemplate.execute(RabbitTemplate.java:2215)
	at org.springframework.amqp.rabbit.core.RabbitAdmin.getQueueInfo(RabbitAdmin.java:467)
	at org.springframework.amqp.rabbit.core.RabbitAdmin.getQueueProperties(RabbitAdmin.java:451)
	at org.springframework.amqp.rabbit.listener.AbstractMessageListenerContainer.attemptDeclarations(AbstractMessageListenerContainer.java:1972)
	at org.springframework.amqp.rabbit.listener.AbstractMessageListenerContainer.redeclareElementsIfNecessary(AbstractMessageListenerContainer.java:1936)
	at org.springframework.amqp.rabbit.listener.SimpleMessageListenerContainer$AsyncMessageProcessingConsumer.initialize(SimpleMessageListenerContainer.java:1481)
	at org.springframework.amqp.rabbit.listener.SimpleMessageListenerContainer$AsyncMessageProcessingConsumer.run(SimpleMessageListenerContainer.java:1322)
	at java.base/java.lang.Thread.run(Thread.java:1583)
Caused by: java.net.ConnectException: Connection refused: getsockopt
	at java.base/sun.nio.ch.Net.pollConnect(Native Method)
	at java.base/sun.nio.ch.Net.pollConnectNow(Net.java:690)
	at java.base/sun.nio.ch.NioSocketImpl.timedFinishConnect(NioSocketImpl.java:542)
	at java.base/sun.nio.ch.NioSocketImpl.connect(NioSocketImpl.java:592)
	at java.base/java.net.SocksSocketImpl.connect(SocksSocketImpl.java:327)
	at java.base/java.net.Socket.connect(Socket.java:751)
	at com.rabbitmq.client.impl.SocketFrameHandlerFactory.create(SocketFrameHandlerFactory.java:61)
	at com.rabbitmq.client.ConnectionFactory.newConnection(ConnectionFactory.java:1249)
	at com.rabbitmq.client.ConnectionFactory.newConnection(ConnectionFactory.java:1198)
	at org.springframework.amqp.rabbit.connection.AbstractConnectionFactory.connectAddresses(AbstractConnectionFactory.java:678)
	at org.springframework.amqp.rabbit.connection.AbstractConnectionFactory.connect(AbstractConnectionFactory.java:647)
	at org.springframework.amqp.rabbit.connection.AbstractConnectionFactory.createBareConnection(AbstractConnectionFactory.java:593)
	... 12 common frames omitted
2026-10-01 17:12:45.588 [org.springframework.amqp.rabbit.RabbitListenerEndpointContainer#0-1] [] [] INFO  o.s.a.r.c.CachingConnectionFactory - Attempting to connect to: [127.0.0.1:5672]
2026-10-01 17:12:45.644 [main] [] [] INFO  c.e.s.m.GradingScoreProjectionMeasureIT - Started GradingScoreProjectionMeasureIT in 25.547 seconds (process running for 28.185)
2026-10-01 17:12:46.208 [main] [] [] INFO  c.exam.config.RolePermissionInitializer - RBAC 角色/权限预置完成
2026-10-01 17:12:46.222 [main] [] [] INFO  com.exam.config.AdminInitializer - 已存在管理员账号，跳过管理员初始化
2026-10-01 17:12:46.223 [main] [] [] INFO  com.exam.config.ApplicationConfig - JWT_SECRET validated successfully (length: 58)
2026-10-01 17:12:46.223 [main] [] [] INFO  com.exam.config.ApplicationConfig - Application configuration validated successfully
Mockito is currently self-attaching to enable the inline-mock-maker. This will no longer work in future releases of the JDK. Please add Mockito as an agent to your build as described in Mockito's documentation: https://javadoc.io/doc/org.mockito/mockito-core/latest/org.mockito/org/mockito/Mockito.html#0.3
WARNING: A Java agent has been loaded dynamically (D:\code\examOnline\.m2-repo\net\bytebuddy\byte-buddy-agent\1.17.7\byte-buddy-agent-1.17.7.jar)
WARNING: If a serviceability tool is in use, please run with -XX:+EnableDynamicAgentLoading to hide this warning
WARNING: If a serviceability tool is not in use, please run with -Djdk.instrument.traceUsage for more information
WARNING: Dynamic loading of agents will be disallowed by default in a future release
2026-10-01 17:12:50.688 [org.springframework.amqp.rabbit.RabbitListenerEndpointContainer#0-1] [] [] WARN  o.s.a.r.l.SimpleMessageListenerContainer - Consumer raised exception, processing can restart if the connection factory supports it. Exception summary: org.springframework.amqp.AmqpConnectException: java.net.ConnectException: Connection refused: getsockopt
2026-10-01 17:12:50.694 [org.springframework.amqp.rabbit.RabbitListenerEndpointContainer#0-1] [] [] INFO  o.s.a.r.l.SimpleMessageListenerContainer - Restarting Consumer@54980154: tags=[[]], channel=null, acknowledgeMode=MANUAL local queue size=0
2026-10-01 17:12:50.697 [org.springframework.amqp.rabbit.RabbitListenerEndpointContainer#0-2] [] [] INFO  o.s.a.r.c.CachingConnectionFactory - Attempting to connect to: [127.0.0.1:5672]
2026-10-01 17:12:50.698 [org.springframework.amqp.rabbit.RabbitListenerEndpointContainer#0-2] [] [] ERROR o.s.a.r.l.SimpleMessageListenerContainer - Failed to check/redeclare auto-delete queue(s).
2026-10-01 17:12:50.699 [org.springframework.amqp.rabbit.RabbitListenerEndpointContainer#0-2] [] [] INFO  o.s.a.r.c.CachingConnectionFactory - Attempting to connect to: [127.0.0.1:5672]
2026-10-01 17:12:55.833 [org.springframework.amqp.rabbit.RabbitListenerEndpointContainer#0-2] [] [] WARN  o.s.a.r.l.SimpleMessageListenerContainer - Consumer raised exception, processing can restart if the connection factory supports it. Exception summary: org.springframework.amqp.AmqpConnectException: java.net.ConnectException: Connection refused: getsockopt
2026-10-01 17:12:55.834 [org.springframework.amqp.rabbit.RabbitListenerEndpointContainer#0-2] [] [] INFO  o.s.a.r.l.SimpleMessageListenerContainer - Restarting Consumer@6e7b9c4a: tags=[[]], channel=null, acknowledgeMode=MANUAL local queue size=0
2026-10-01 17:12:55.836 [org.springframework.amqp.rabbit.RabbitListenerEndpointContainer#0-3] [] [] INFO  o.s.a.r.c.CachingConnectionFactory - Attempting to connect to: [127.0.0.1:5672]
2026-10-01 17:12:55.849 [org.springframework.amqp.rabbit.RabbitListenerEndpointContainer#0-3] [] [] ERROR o.s.a.r.l.SimpleMessageListenerContainer - Failed to check/redeclare auto-delete queue(s).
2026-10-01 17:12:55.849 [org.springframework.amqp.rabbit.RabbitListenerEndpointContainer#0-3] [] [] INFO  o.s.a.r.c.CachingConnectionFactory - Attempting to connect to: [127.0.0.1:5672]
2026-10-01 17:13:00.985 [org.springframework.amqp.rabbit.RabbitListenerEndpointContainer#0-3] [] [] WARN  o.s.a.r.l.SimpleMessageListenerContainer - Consumer raised exception, processing can restart if the connection factory supports it. Exception summary: org.springframework.amqp.AmqpConnectException: java.net.ConnectException: Connection refused: getsockopt
2026-10-01 17:13:00.985 [org.springframework.amqp.rabbit.RabbitListenerEndpointContainer#0-3] [] [] INFO  o.s.a.r.l.SimpleMessageListenerContainer - Restarting Consumer@275e9dd5: tags=[[]], channel=null, acknowledgeMode=MANUAL local queue size=0
2026-10-01 17:13:00.988 [org.springframework.amqp.rabbit.RabbitListenerEndpointContainer#0-4] [] [] INFO  o.s.a.r.c.CachingConnectionFactory - Attempting to connect to: [127.0.0.1:5672]
2026-10-01 17:13:00.989 [org.springframework.amqp.rabbit.RabbitListenerEndpointContainer#0-4] [] [] ERROR o.s.a.r.l.SimpleMessageListenerContainer - Failed to check/redeclare auto-delete queue(s).
2026-10-01 17:13:00.989 [org.springframework.amqp.rabbit.RabbitListenerEndpointContainer#0-4] [] [] INFO  o.s.a.r.c.CachingConnectionFactory - Attempting to connect to: [127.0.0.1:5672]
2026-10-01 17:13:06.106 [org.springframework.amqp.rabbit.RabbitListenerEndpointContainer#0-4] [] [] WARN  o.s.a.r.l.SimpleMessageListenerContainer - Consumer raised exception, processing can restart if the connection factory supports it. Exception summary: org.springframework.amqp.AmqpConnectException: java.net.ConnectException: Connection refused: getsockopt
2026-10-01 17:13:06.107 [org.springframework.amqp.rabbit.RabbitListenerEndpointContainer#0-4] [] [] INFO  o.s.a.r.l.SimpleMessageListenerContainer - Restarting Consumer@58539e68: tags=[[]], channel=null, acknowledgeMode=MANUAL local queue size=0
2026-10-01 17:13:06.110 [org.springframework.amqp.rabbit.RabbitListenerEndpointContainer#0-5] [] [] INFO  o.s.a.r.c.CachingConnectionFactory - Attempting to connect to: [127.0.0.1:5672]
2026-10-01 17:13:06.112 [org.springframework.amqp.rabbit.RabbitListenerEndpointContainer#0-5] [] [] ERROR o.s.a.r.l.SimpleMessageListenerContainer - Failed to check/redeclare auto-delete queue(s).
2026-10-01 17:13:06.112 [org.springframework.amqp.rabbit.RabbitListenerEndpointContainer#0-5] [] [] INFO  o.s.a.r.c.CachingConnectionFactory - Attempting to connect to: [127.0.0.1:5672]
2026-10-01 17:13:11.190 [org.springframework.amqp.rabbit.RabbitListenerEndpointContainer#0-5] [] [] WARN  o.s.a.r.l.SimpleMessageListenerContainer - Consumer raised exception, processing can restart if the connection factory supports it. Exception summary: org.springframework.amqp.AmqpConnectException: java.net.ConnectException: Connection refused: getsockopt
2026-10-01 17:13:11.191 [org.springframework.amqp.rabbit.RabbitListenerEndpointContainer#0-5] [] [] INFO  o.s.a.r.l.SimpleMessageListenerContainer - Restarting Consumer@769c4220: tags=[[]], channel=null, acknowledgeMode=MANUAL local queue size=0
2026-10-01 17:13:11.194 [org.springframework.amqp.rabbit.RabbitListenerEndpointContainer#0-6] [] [] INFO  o.s.a.r.c.CachingConnectionFactory - Attempting to connect to: [127.0.0.1:5672]
2026-10-01 17:13:11.196 [org.springframework.amqp.rabbit.RabbitListenerEndpointContainer#0-6] [] [] ERROR o.s.a.r.l.SimpleMessageListenerContainer - Failed to check/redeclare auto-delete queue(s).
2026-10-01 17:13:11.197 [org.springframework.amqp.rabbit.RabbitListenerEndpointContainer#0-6] [] [] INFO  o.s.a.r.c.CachingConnectionFactory - Attempting to connect to: [127.0.0.1:5672]
2026-10-01 17:13:16.328 [org.springframework.amqp.rabbit.RabbitListenerEndpointContainer#0-6] [] [] WARN  o.s.a.r.l.SimpleMessageListenerContainer - Consumer raised exception, processing can restart if the connection factory supports it. Exception summary: org.springframework.amqp.AmqpConnectException: java.net.ConnectException: Connection refused: getsockopt
2026-10-01 17:13:16.329 [org.springframework.amqp.rabbit.RabbitListenerEndpointContainer#0-6] [] [] INFO  o.s.a.r.l.SimpleMessageListenerContainer - Restarting Consumer@5cf69aed: tags=[[]], channel=null, acknowledgeMode=MANUAL local queue size=0
2026-10-01 17:13:16.331 [org.springframework.amqp.rabbit.RabbitListenerEndpointContainer#0-7] [] [] INFO  o.s.a.r.c.CachingConnectionFactory - Attempting to connect to: [127.0.0.1:5672]
2026-10-01 17:13:16.332 [org.springframework.amqp.rabbit.RabbitListenerEndpointContainer#0-7] [] [] ERROR o.s.a.r.l.SimpleMessageListenerContainer - Failed to check/redeclare auto-delete queue(s).
2026-10-01 17:13:16.333 [org.springframework.amqp.rabbit.RabbitListenerEndpointContainer#0-7] [] [] INFO  o.s.a.r.c.CachingConnectionFactory - Attempting to connect to: [127.0.0.1:5672]
2026-10-01 17:13:18.951 [main] [] [] INFO  com.exam.score.service.ScoreService - 成绩汇总完成：exam=981200200 汇总=200 跳过=0 考试已批改=true
2026-10-01 17:13:19.825 [main] [] [] INFO  com.exam.score.service.ScoreService - 成绩汇总完成：exam=981200200 汇总=200 跳过=0 考试已批改=true
2026-10-01 17:13:20.590 [main] [] [] INFO  com.exam.score.service.ScoreService - 成绩汇总完成：exam=981200200 汇总=200 跳过=0 考试已批改=true
2026-10-01 17:13:21.368 [main] [] [] INFO  com.exam.score.service.ScoreService - 成绩汇总完成：exam=981200200 汇总=200 跳过=0 考试已批改=true
2026-10-01 17:13:21.545 [org.springframework.amqp.rabbit.RabbitListenerEndpointContainer#0-7] [] [] WARN  o.s.a.r.l.SimpleMessageListenerContainer - Consumer raised exception, processing can restart if the connection factory supports it. Exception summary: org.springframework.amqp.AmqpConnectException: java.net.ConnectException: Connection refused: getsockopt
2026-10-01 17:13:21.545 [org.springframework.amqp.rabbit.RabbitListenerEndpointContainer#0-7] [] [] INFO  o.s.a.r.l.SimpleMessageListenerContainer - Restarting Consumer@5e26cfdc: tags=[[]], channel=null, acknowledgeMode=MANUAL local queue size=0
2026-10-01 17:13:21.548 [org.springframework.amqp.rabbit.RabbitListenerEndpointContainer#0-8] [] [] INFO  o.s.a.r.c.CachingConnectionFactory - Attempting to connect to: [127.0.0.1:5672]
2026-10-01 17:13:21.549 [org.springframework.amqp.rabbit.RabbitListenerEndpointContainer#0-8] [] [] ERROR o.s.a.r.l.SimpleMessageListenerContainer - Failed to check/redeclare auto-delete queue(s).
2026-10-01 17:13:21.550 [org.springframework.amqp.rabbit.RabbitListenerEndpointContainer#0-8] [] [] INFO  o.s.a.r.c.CachingConnectionFactory - Attempting to connect to: [127.0.0.1:5672]
2026-10-01 17:13:22.117 [main] [] [] INFO  com.exam.score.service.ScoreService - 成绩汇总完成：exam=981200200 汇总=200 跳过=0 考试已批改=true
2026-10-01 17:13:22.888 [main] [] [] INFO  com.exam.score.service.ScoreService - 成绩汇总完成：exam=981200200 汇总=200 跳过=0 考试已批改=true
2026-10-01 17:13:23.636 [main] [] [] INFO  com.exam.score.service.ScoreService - 成绩汇总完成：exam=981200200 汇总=200 跳过=0 考试已批改=true
2026-10-01 17:13:24.383 [main] [] [] INFO  com.exam.score.service.ScoreService - 成绩汇总完成：exam=981200200 汇总=200 跳过=0 考试已批改=true
2026-10-01 17:13:25.091 [main] [] [] INFO  com.exam.score.service.ScoreService - 成绩汇总完成：exam=981200200 汇总=200 跳过=0 考试已批改=true
2026-10-01 17:13:25.843 [main] [] [] INFO  com.exam.score.service.ScoreService - 成绩汇总完成：exam=981200200 汇总=200 跳过=0 考试已批改=true
2026-10-01 17:13:26.545 [main] [] [] INFO  com.exam.score.service.ScoreService - 成绩汇总完成：exam=981200200 汇总=200 跳过=0 考试已批改=true
2026-10-01 17:13:26.596 [org.springframework.amqp.rabbit.RabbitListenerEndpointContainer#0-8] [] [] WARN  o.s.a.r.l.SimpleMessageListenerContainer - Consumer raised exception, processing can restart if the connection factory supports it. Exception summary: org.springframework.amqp.AmqpConnectException: java.net.ConnectException: Connection refused: getsockopt
2026-10-01 17:13:26.596 [org.springframework.amqp.rabbit.RabbitListenerEndpointContainer#0-8] [] [] INFO  o.s.a.r.l.SimpleMessageListenerContainer - Restarting Consumer@7834551e: tags=[[]], channel=null, acknowledgeMode=MANUAL local queue size=0
2026-10-01 17:13:26.599 [org.springframework.amqp.rabbit.RabbitListenerEndpointContainer#0-9] [] [] INFO  o.s.a.r.c.CachingConnectionFactory - Attempting to connect to: [127.0.0.1:5672]
2026-10-01 17:13:26.600 [org.springframework.amqp.rabbit.RabbitListenerEndpointContainer#0-9] [] [] ERROR o.s.a.r.l.SimpleMessageListenerContainer - Failed to check/redeclare auto-delete queue(s).
2026-10-01 17:13:26.600 [org.springframework.amqp.rabbit.RabbitListenerEndpointContainer#0-9] [] [] INFO  o.s.a.r.c.CachingConnectionFactory - Attempting to connect to: [127.0.0.1:5672]
2026-10-01 17:13:27.304 [main] [] [] INFO  com.exam.score.service.ScoreService - 成绩汇总完成：exam=981200200 汇总=200 跳过=0 考试已批改=true
2026-10-01 17:13:28.085 [main] [] [] INFO  com.exam.score.service.ScoreService - 成绩汇总完成：exam=981200200 汇总=200 跳过=0 考试已批改=true
2026-10-01 17:13:28.771 [main] [] [] INFO  com.exam.score.service.ScoreService - 成绩汇总完成：exam=981200200 汇总=200 跳过=0 考试已批改=true
2026-10-01 17:13:29.481 [main] [] [] INFO  com.exam.score.service.ScoreService - 成绩汇总完成：exam=981200200 汇总=200 跳过=0 考试已批改=true
2026-10-01 17:13:30.202 [main] [] [] INFO  com.exam.score.service.ScoreService - 成绩汇总完成：exam=981200200 汇总=200 跳过=0 考试已批改=true
2026-10-01 17:13:30.890 [main] [] [] INFO  com.exam.score.service.ScoreService - 成绩汇总完成：exam=981200200 汇总=200 跳过=0 考试已批改=true
2026-10-01 17:13:31.607 [main] [] [] INFO  com.exam.score.service.ScoreService - 成绩汇总完成：exam=981200200 汇总=200 跳过=0 考试已批改=true
2026-10-01 17:13:31.673 [org.springframework.amqp.rabbit.RabbitListenerEndpointContainer#0-9] [] [] WARN  o.s.a.r.l.SimpleMessageListenerContainer - Consumer raised exception, processing can restart if the connection factory supports it. Exception summary: org.springframework.amqp.AmqpConnectException: java.net.ConnectException: Connection refused: getsockopt
2026-10-01 17:13:31.674 [org.springframework.amqp.rabbit.RabbitListenerEndpointContainer#0-9] [] [] INFO  o.s.a.r.l.SimpleMessageListenerContainer - Restarting Consumer@295da406: tags=[[]], channel=null, acknowledgeMode=MANUAL local queue size=0
2026-10-01 17:13:31.677 [org.springframework.amqp.rabbit.RabbitListenerEndpointContainer#0-10] [] [] INFO  o.s.a.r.c.CachingConnectionFactory - Attempting to connect to: [127.0.0.1:5672]
2026-10-01 17:13:31.678 [org.springframework.amqp.rabbit.RabbitListenerEndpointContainer#0-10] [] [] ERROR o.s.a.r.l.SimpleMessageListenerContainer - Failed to check/redeclare auto-delete queue(s).
2026-10-01 17:13:31.678 [org.springframework.amqp.rabbit.RabbitListenerEndpointContainer#0-10] [] [] INFO  o.s.a.r.c.CachingConnectionFactory - Attempting to connect to: [127.0.0.1:5672]
2026-10-01 17:13:32.313 [main] [] [] INFO  com.exam.score.service.ScoreService - 成绩汇总完成：exam=981200200 汇总=200 跳过=0 考试已批改=true
2026-10-01 17:13:33.001 [main] [] [] INFO  com.exam.score.service.ScoreService - 成绩汇总完成：exam=981200200 汇总=200 跳过=0 考试已批改=true
2026-10-01 17:13:33.701 [main] [] [] INFO  com.exam.score.service.ScoreService - 成绩汇总完成：exam=981200200 汇总=200 跳过=0 考试已批改=true
2026-10-01 17:13:36.716 [org.springframework.amqp.rabbit.RabbitListenerEndpointContainer#0-10] [] [] WARN  o.s.a.r.l.SimpleMessageListenerContainer - Consumer raised exception, processing can restart if the connection factory supports it. Exception summary: org.springframework.amqp.AmqpConnectException: java.net.ConnectException: Connection refused: getsockopt
2026-10-01 17:13:36.716 [org.springframework.amqp.rabbit.RabbitListenerEndpointContainer#0-10] [] [] INFO  o.s.a.r.l.SimpleMessageListenerContainer - Restarting Consumer@14f003b8: tags=[[]], channel=null, acknowledgeMode=MANUAL local queue size=0
2026-10-01 17:13:36.719 [org.springframework.amqp.rabbit.RabbitListenerEndpointContainer#0-11] [] [] INFO  o.s.a.r.c.CachingConnectionFactory - Attempting to connect to: [127.0.0.1:5672]
2026-10-01 17:13:36.731 [org.springframework.amqp.rabbit.RabbitListenerEndpointContainer#0-11] [] [] ERROR o.s.a.r.l.SimpleMessageListenerContainer - Failed to check/redeclare auto-delete queue(s).
2026-10-01 17:13:36.731 [org.springframework.amqp.rabbit.RabbitListenerEndpointContainer#0-11] [] [] INFO  o.s.a.r.c.CachingConnectionFactory - Attempting to connect to: [127.0.0.1:5672]
2026-10-01 17:13:41.849 [org.springframework.amqp.rabbit.RabbitListenerEndpointContainer#0-11] [] [] WARN  o.s.a.r.l.SimpleMessageListenerContainer - Consumer raised exception, processing can restart if the connection factory supports it. Exception summary: org.springframework.amqp.AmqpConnectException: java.net.ConnectException: Connection refused: getsockopt
2026-10-01 17:13:41.849 [org.springframework.amqp.rabbit.RabbitListenerEndpointContainer#0-11] [] [] INFO  o.s.a.r.l.SimpleMessageListenerContainer - Restarting Consumer@716362c3: tags=[[]], channel=null, acknowledgeMode=MANUAL local queue size=0
2026-10-01 17:13:41.851 [org.springframework.amqp.rabbit.RabbitListenerEndpointContainer#0-12] [] [] INFO  o.s.a.r.c.CachingConnectionFactory - Attempting to connect to: [127.0.0.1:5672]
2026-10-01 17:13:41.852 [org.springframework.amqp.rabbit.RabbitListenerEndpointContainer#0-12] [] [] ERROR o.s.a.r.l.SimpleMessageListenerContainer - Failed to check/redeclare auto-delete queue(s).
2026-10-01 17:13:41.853 [org.springframework.amqp.rabbit.RabbitListenerEndpointContainer#0-12] [] [] INFO  o.s.a.r.c.CachingConnectionFactory - Attempting to connect to: [127.0.0.1:5672]
2026-10-01 17:13:46.954 [org.springframework.amqp.rabbit.RabbitListenerEndpointContainer#0-12] [] [] WARN  o.s.a.r.l.SimpleMessageListenerContainer - Consumer raised exception, processing can restart if the connection factory supports it. Exception summary: org.springframework.amqp.AmqpConnectException: java.net.ConnectException: Connection refused: getsockopt
2026-10-01 17:13:46.954 [org.springframework.amqp.rabbit.RabbitListenerEndpointContainer#0-12] [] [] INFO  o.s.a.r.l.SimpleMessageListenerContainer - Restarting Consumer@300ced91: tags=[[]], channel=null, acknowledgeMode=MANUAL local queue size=0
2026-10-01 17:13:46.957 [org.springframework.amqp.rabbit.RabbitListenerEndpointContainer#0-13] [] [] INFO  o.s.a.r.c.CachingConnectionFactory - Attempting to connect to: [127.0.0.1:5672]
2026-10-01 17:13:46.959 [org.springframework.amqp.rabbit.RabbitListenerEndpointContainer#0-13] [] [] ERROR o.s.a.r.l.SimpleMessageListenerContainer - Failed to check/redeclare auto-delete queue(s).
2026-10-01 17:13:46.960 [org.springframework.amqp.rabbit.RabbitListenerEndpointContainer#0-13] [] [] INFO  o.s.a.r.c.CachingConnectionFactory - Attempting to connect to: [127.0.0.1:5672]
2026-10-01 17:13:52.074 [org.springframework.amqp.rabbit.RabbitListenerEndpointContainer#0-13] [] [] WARN  o.s.a.r.l.SimpleMessageListenerContainer - Consumer raised exception, processing can restart if the connection factory supports it. Exception summary: org.springframework.amqp.AmqpConnectException: java.net.ConnectException: Connection refused: getsockopt
2026-10-01 17:13:52.074 [org.springframework.amqp.rabbit.RabbitListenerEndpointContainer#0-13] [] [] INFO  o.s.a.r.l.SimpleMessageListenerContainer - Restarting Consumer@7f3f3874: tags=[[]], channel=null, acknowledgeMode=MANUAL local queue size=0
2026-10-01 17:13:52.076 [org.springframework.amqp.rabbit.RabbitListenerEndpointContainer#0-14] [] [] INFO  o.s.a.r.c.CachingConnectionFactory - Attempting to connect to: [127.0.0.1:5672]
2026-10-01 17:13:52.078 [org.springframework.amqp.rabbit.RabbitListenerEndpointContainer#0-14] [] [] ERROR o.s.a.r.l.SimpleMessageListenerContainer - Failed to check/redeclare auto-delete queue(s).
2026-10-01 17:13:52.078 [org.springframework.amqp.rabbit.RabbitListenerEndpointContainer#0-14] [] [] INFO  o.s.a.r.c.CachingConnectionFactory - Attempting to connect to: [127.0.0.1:5672]
2026-10-01 17:13:57.169 [org.springframework.amqp.rabbit.RabbitListenerEndpointContainer#0-14] [] [] WARN  o.s.a.r.l.SimpleMessageListenerContainer - Consumer raised exception, processing can restart if the connection factory supports it. Exception summary: org.springframework.amqp.AmqpConnectException: java.net.ConnectException: Connection refused: getsockopt
2026-10-01 17:13:57.169 [org.springframework.amqp.rabbit.RabbitListenerEndpointContainer#0-14] [] [] INFO  o.s.a.r.l.SimpleMessageListenerContainer - Restarting Consumer@5e593958: tags=[[]], channel=null, acknowledgeMode=MANUAL local queue size=0
2026-10-01 17:13:57.172 [org.springframework.amqp.rabbit.RabbitListenerEndpointContainer#0-15] [] [] INFO  o.s.a.r.c.CachingConnectionFactory - Attempting to connect to: [127.0.0.1:5672]
2026-10-01 17:13:57.185 [org.springframework.amqp.rabbit.RabbitListenerEndpointContainer#0-15] [] [] ERROR o.s.a.r.l.SimpleMessageListenerContainer - Failed to check/redeclare auto-delete queue(s).
2026-10-01 17:13:57.185 [org.springframework.amqp.rabbit.RabbitListenerEndpointContainer#0-15] [] [] INFO  o.s.a.r.c.CachingConnectionFactory - Attempting to connect to: [127.0.0.1:5672]
2026-10-01 17:14:02.363 [org.springframework.amqp.rabbit.RabbitListenerEndpointContainer#0-15] [] [] WARN  o.s.a.r.l.SimpleMessageListenerContainer - Consumer raised exception, processing can restart if the connection factory supports it. Exception summary: org.springframework.amqp.AmqpConnectException: java.net.ConnectException: Connection refused: getsockopt
2026-10-01 17:14:02.364 [org.springframework.amqp.rabbit.RabbitListenerEndpointContainer#0-15] [] [] INFO  o.s.a.r.l.SimpleMessageListenerContainer - Restarting Consumer@3c81b7eb: tags=[[]], channel=null, acknowledgeMode=MANUAL local queue size=0
2026-10-01 17:14:02.365 [org.springframework.amqp.rabbit.RabbitListenerEndpointContainer#0-16] [] [] INFO  o.s.a.r.c.CachingConnectionFactory - Attempting to connect to: [127.0.0.1:5672]
2026-10-01 17:14:02.367 [org.springframework.amqp.rabbit.RabbitListenerEndpointContainer#0-16] [] [] ERROR o.s.a.r.l.SimpleMessageListenerContainer - Failed to check/redeclare auto-delete queue(s).
2026-10-01 17:14:02.367 [org.springframework.amqp.rabbit.RabbitListenerEndpointContainer#0-16] [] [] INFO  o.s.a.r.c.CachingConnectionFactory - Attempting to connect to: [127.0.0.1:5672]
2026-10-01 17:14:07.489 [org.springframework.amqp.rabbit.RabbitListenerEndpointContainer#0-16] [] [] WARN  o.s.a.r.l.SimpleMessageListenerContainer - Consumer raised exception, processing can restart if the connection factory supports it. Exception summary: org.springframework.amqp.AmqpConnectException: java.net.ConnectException: Connection refused: getsockopt
2026-10-01 17:14:07.490 [org.springframework.amqp.rabbit.RabbitListenerEndpointContainer#0-16] [] [] INFO  o.s.a.r.l.SimpleMessageListenerContainer - Restarting Consumer@2024450: tags=[[]], channel=null, acknowledgeMode=MANUAL local queue size=0
2026-10-01 17:14:07.493 [org.springframework.amqp.rabbit.RabbitListenerEndpointContainer#0-17] [] [] INFO  o.s.a.r.c.CachingConnectionFactory - Attempting to connect to: [127.0.0.1:5672]
2026-10-01 17:14:07.495 [org.springframework.amqp.rabbit.RabbitListenerEndpointContainer#0-17] [] [] ERROR o.s.a.r.l.SimpleMessageListenerContainer - Failed to check/redeclare auto-delete queue(s).
2026-10-01 17:14:07.495 [org.springframework.amqp.rabbit.RabbitListenerEndpointContainer#0-17] [] [] INFO  o.s.a.r.c.CachingConnectionFactory - Attempting to connect to: [127.0.0.1:5672]
2026-10-01 17:14:12.581 [org.springframework.amqp.rabbit.RabbitListenerEndpointContainer#0-17] [] [] WARN  o.s.a.r.l.SimpleMessageListenerContainer - Consumer raised exception, processing can restart if the connection factory supports it. Exception summary: org.springframework.amqp.AmqpConnectException: java.net.ConnectException: Connection refused: getsockopt
2026-10-01 17:14:12.582 [org.springframework.amqp.rabbit.RabbitListenerEndpointContainer#0-17] [] [] INFO  o.s.a.r.l.SimpleMessageListenerContainer - Restarting Consumer@2323d968: tags=[[]], channel=null, acknowledgeMode=MANUAL local queue size=0
2026-10-01 17:14:12.584 [org.springframework.amqp.rabbit.RabbitListenerEndpointContainer#0-18] [] [] INFO  o.s.a.r.c.CachingConnectionFactory - Attempting to connect to: [127.0.0.1:5672]
2026-10-01 17:14:12.585 [org.springframework.amqp.rabbit.RabbitListenerEndpointContainer#0-18] [] [] ERROR o.s.a.r.l.SimpleMessageListenerContainer - Failed to check/redeclare auto-delete queue(s).
2026-10-01 17:14:12.585 [org.springframework.amqp.rabbit.RabbitListenerEndpointContainer#0-18] [] [] INFO  o.s.a.r.c.CachingConnectionFactory - Attempting to connect to: [127.0.0.1:5672]
2026-10-01 17:14:17.689 [org.springframework.amqp.rabbit.RabbitListenerEndpointContainer#0-18] [] [] WARN  o.s.a.r.l.SimpleMessageListenerContainer - Consumer raised exception, processing can restart if the connection factory supports it. Exception summary: org.springframework.amqp.AmqpConnectException: java.net.ConnectException: Connection refused: getsockopt
2026-10-01 17:14:17.690 [org.springframework.amqp.rabbit.RabbitListenerEndpointContainer#0-18] [] [] INFO  o.s.a.r.l.SimpleMessageListenerContainer - Restarting Consumer@3319e097: tags=[[]], channel=null, acknowledgeMode=MANUAL local queue size=0
2026-10-01 17:14:17.692 [org.springframework.amqp.rabbit.RabbitListenerEndpointContainer#0-19] [] [] INFO  o.s.a.r.c.CachingConnectionFactory - Attempting to connect to: [127.0.0.1:5672]
2026-10-01 17:14:17.694 [org.springframework.amqp.rabbit.RabbitListenerEndpointContainer#0-19] [] [] ERROR o.s.a.r.l.SimpleMessageListenerContainer - Failed to check/redeclare auto-delete queue(s).
2026-10-01 17:14:17.694 [org.springframework.amqp.rabbit.RabbitListenerEndpointContainer#0-19] [] [] INFO  o.s.a.r.c.CachingConnectionFactory - Attempting to connect to: [127.0.0.1:5672]
2026-10-01 17:14:22.764 [org.springframework.amqp.rabbit.RabbitListenerEndpointContainer#0-19] [] [] WARN  o.s.a.r.l.SimpleMessageListenerContainer - Consumer raised exception, processing can restart if the connection factory supports it. Exception summary: org.springframework.amqp.AmqpConnectException: java.net.ConnectException: Connection refused: getsockopt
2026-10-01 17:14:22.765 [org.springframework.amqp.rabbit.RabbitListenerEndpointContainer#0-19] [] [] INFO  o.s.a.r.l.SimpleMessageListenerContainer - Restarting Consumer@982d5b9: tags=[[]], channel=null, acknowledgeMode=MANUAL local queue size=0
2026-10-01 17:14:22.767 [org.springframework.amqp.rabbit.RabbitListenerEndpointContainer#0-20] [] [] INFO  o.s.a.r.c.CachingConnectionFactory - Attempting to connect to: [127.0.0.1:5672]
2026-10-01 17:14:22.780 [org.springframework.amqp.rabbit.RabbitListenerEndpointContainer#0-20] [] [] ERROR o.s.a.r.l.SimpleMessageListenerContainer - Failed to check/redeclare auto-delete queue(s).
2026-10-01 17:14:22.780 [org.springframework.amqp.rabbit.RabbitListenerEndpointContainer#0-20] [] [] INFO  o.s.a.r.c.CachingConnectionFactory - Attempting to connect to: [127.0.0.1:5672]
2026-10-01 17:14:27.938 [org.springframework.amqp.rabbit.RabbitListenerEndpointContainer#0-20] [] [] WARN  o.s.a.r.l.SimpleMessageListenerContainer - Consumer raised exception, processing can restart if the connection factory supports it. Exception summary: org.springframework.amqp.AmqpConnectException: java.net.ConnectException: Connection refused: getsockopt
2026-10-01 17:14:27.938 [org.springframework.amqp.rabbit.RabbitListenerEndpointContainer#0-20] [] [] INFO  o.s.a.r.l.SimpleMessageListenerContainer - Restarting Consumer@33d88117: tags=[[]], channel=null, acknowledgeMode=MANUAL local queue size=0
2026-10-01 17:14:27.944 [org.springframework.amqp.rabbit.RabbitListenerEndpointContainer#0-21] [] [] INFO  o.s.a.r.c.CachingConnectionFactory - Attempting to connect to: [127.0.0.1:5672]
2026-10-01 17:14:27.969 [org.springframework.amqp.rabbit.RabbitListenerEndpointContainer#0-21] [] [] ERROR o.s.a.r.l.SimpleMessageListenerContainer - Failed to check/redeclare auto-delete queue(s).
2026-10-01 17:14:27.970 [org.springframework.amqp.rabbit.RabbitListenerEndpointContainer#0-21] [] [] INFO  o.s.a.r.c.CachingConnectionFactory - Attempting to connect to: [127.0.0.1:5672]
2026-10-01 17:14:33.068 [org.springframework.amqp.rabbit.RabbitListenerEndpointContainer#0-21] [] [] WARN  o.s.a.r.l.SimpleMessageListenerContainer - Consumer raised exception, processing can restart if the connection factory supports it. Exception summary: org.springframework.amqp.AmqpConnectException: java.net.ConnectException: Connection refused: getsockopt
2026-10-01 17:14:33.069 [org.springframework.amqp.rabbit.RabbitListenerEndpointContainer#0-21] [] [] INFO  o.s.a.r.l.SimpleMessageListenerContainer - Restarting Consumer@3d606d4: tags=[[]], channel=null, acknowledgeMode=MANUAL local queue size=0
2026-10-01 17:14:33.072 [org.springframework.amqp.rabbit.RabbitListenerEndpointContainer#0-22] [] [] INFO  o.s.a.r.c.CachingConnectionFactory - Attempting to connect to: [127.0.0.1:5672]
2026-10-01 17:14:33.074 [org.springframework.amqp.rabbit.RabbitListenerEndpointContainer#0-22] [] [] ERROR o.s.a.r.l.SimpleMessageListenerContainer - Failed to check/redeclare auto-delete queue(s).
2026-10-01 17:14:33.074 [org.springframework.amqp.rabbit.RabbitListenerEndpointContainer#0-22] [] [] INFO  o.s.a.r.c.CachingConnectionFactory - Attempting to connect to: [127.0.0.1:5672]
2026-10-01 17:14:38.192 [org.springframework.amqp.rabbit.RabbitListenerEndpointContainer#0-22] [] [] WARN  o.s.a.r.l.SimpleMessageListenerContainer - Consumer raised exception, processing can restart if the connection factory supports it. Exception summary: org.springframework.amqp.AmqpConnectException: java.net.ConnectException: Connection refused: getsockopt
2026-10-01 17:14:38.193 [org.springframework.amqp.rabbit.RabbitListenerEndpointContainer#0-22] [] [] INFO  o.s.a.r.l.SimpleMessageListenerContainer - Restarting Consumer@3baf0687: tags=[[]], channel=null, acknowledgeMode=MANUAL local queue size=0
2026-10-01 17:14:38.194 [org.springframework.amqp.rabbit.RabbitListenerEndpointContainer#0-23] [] [] INFO  o.s.a.r.c.CachingConnectionFactory - Attempting to connect to: [127.0.0.1:5672]
2026-10-01 17:14:38.208 [org.springframework.amqp.rabbit.RabbitListenerEndpointContainer#0-23] [] [] ERROR o.s.a.r.l.SimpleMessageListenerContainer - Failed to check/redeclare auto-delete queue(s).
2026-10-01 17:14:38.208 [org.springframework.amqp.rabbit.RabbitListenerEndpointContainer#0-23] [] [] INFO  o.s.a.r.c.CachingConnectionFactory - Attempting to connect to: [127.0.0.1:5672]
2026-10-01 17:14:43.299 [org.springframework.amqp.rabbit.RabbitListenerEndpointContainer#0-23] [] [] WARN  o.s.a.r.l.SimpleMessageListenerContainer - Consumer raised exception, processing can restart if the connection factory supports it. Exception summary: org.springframework.amqp.AmqpConnectException: java.net.ConnectException: Connection refused: getsockopt
2026-10-01 17:14:43.300 [org.springframework.amqp.rabbit.RabbitListenerEndpointContainer#0-23] [] [] INFO  o.s.a.r.l.SimpleMessageListenerContainer - Restarting Consumer@37e88993: tags=[[]], channel=null, acknowledgeMode=MANUAL local queue size=0
2026-10-01 17:14:43.303 [org.springframework.amqp.rabbit.RabbitListenerEndpointContainer#0-24] [] [] INFO  o.s.a.r.c.CachingConnectionFactory - Attempting to connect to: [127.0.0.1:5672]
2026-10-01 17:14:43.315 [org.springframework.amqp.rabbit.RabbitListenerEndpointContainer#0-24] [] [] ERROR o.s.a.r.l.SimpleMessageListenerContainer - Failed to check/redeclare auto-delete queue(s).
2026-10-01 17:14:43.315 [org.springframework.amqp.rabbit.RabbitListenerEndpointContainer#0-24] [] [] INFO  o.s.a.r.c.CachingConnectionFactory - Attempting to connect to: [127.0.0.1:5672]
2026-10-01 17:14:48.402 [org.springframework.amqp.rabbit.RabbitListenerEndpointContainer#0-24] [] [] WARN  o.s.a.r.l.SimpleMessageListenerContainer - Consumer raised exception, processing can restart if the connection factory supports it. Exception summary: org.springframework.amqp.AmqpConnectException: java.net.ConnectException: Connection refused: getsockopt
2026-10-01 17:14:48.408 [org.springframework.amqp.rabbit.RabbitListenerEndpointContainer#0-24] [] [] INFO  o.s.a.r.l.SimpleMessageListenerContainer - Restarting Consumer@329a54f7: tags=[[]], channel=null, acknowledgeMode=MANUAL local queue size=0
2026-10-01 17:14:48.410 [org.springframework.amqp.rabbit.RabbitListenerEndpointContainer#0-25] [] [] INFO  o.s.a.r.c.CachingConnectionFactory - Attempting to connect to: [127.0.0.1:5672]
2026-10-01 17:14:48.412 [org.springframework.amqp.rabbit.RabbitListenerEndpointContainer#0-25] [] [] ERROR o.s.a.r.l.SimpleMessageListenerContainer - Failed to check/redeclare auto-delete queue(s).
2026-10-01 17:14:48.413 [org.springframework.amqp.rabbit.RabbitListenerEndpointContainer#0-25] [] [] INFO  o.s.a.r.c.CachingConnectionFactory - Attempting to connect to: [127.0.0.1:5672]
2026-10-01 17:14:53.508 [org.springframework.amqp.rabbit.RabbitListenerEndpointContainer#0-25] [] [] WARN  o.s.a.r.l.SimpleMessageListenerContainer - Consumer raised exception, processing can restart if the connection factory supports it. Exception summary: org.springframework.amqp.AmqpConnectException: java.net.ConnectException: Connection refused: getsockopt
2026-10-01 17:14:53.509 [org.springframework.amqp.rabbit.RabbitListenerEndpointContainer#0-25] [] [] INFO  o.s.a.r.l.SimpleMessageListenerContainer - Restarting Consumer@2a199d1b: tags=[[]], channel=null, acknowledgeMode=MANUAL local queue size=0
2026-10-01 17:14:53.511 [org.springframework.amqp.rabbit.RabbitListenerEndpointContainer#0-26] [] [] INFO  o.s.a.r.c.CachingConnectionFactory - Attempting to connect to: [127.0.0.1:5672]
2026-10-01 17:14:53.513 [org.springframework.amqp.rabbit.RabbitListenerEndpointContainer#0-26] [] [] ERROR o.s.a.r.l.SimpleMessageListenerContainer - Failed to check/redeclare auto-delete queue(s).
2026-10-01 17:14:53.513 [org.springframework.amqp.rabbit.RabbitListenerEndpointContainer#0-26] [] [] INFO  o.s.a.r.c.CachingConnectionFactory - Attempting to connect to: [127.0.0.1:5672]
2026-10-01 17:14:58.595 [org.springframework.amqp.rabbit.RabbitListenerEndpointContainer#0-26] [] [] WARN  o.s.a.r.l.SimpleMessageListenerContainer - Consumer raised exception, processing can restart if the connection factory supports it. Exception summary: org.springframework.amqp.AmqpConnectException: java.net.ConnectException: Connection refused: getsockopt
2026-10-01 17:14:58.596 [org.springframework.amqp.rabbit.RabbitListenerEndpointContainer#0-26] [] [] INFO  o.s.a.r.l.SimpleMessageListenerContainer - Restarting Consumer@329e41aa: tags=[[]], channel=null, acknowledgeMode=MANUAL local queue size=0
2026-10-01 17:14:58.599 [org.springframework.amqp.rabbit.RabbitListenerEndpointContainer#0-27] [] [] INFO  o.s.a.r.c.CachingConnectionFactory - Attempting to connect to: [127.0.0.1:5672]
2026-10-01 17:14:58.600 [org.springframework.amqp.rabbit.RabbitListenerEndpointContainer#0-27] [] [] ERROR o.s.a.r.l.SimpleMessageListenerContainer - Failed to check/redeclare auto-delete queue(s).
2026-10-01 17:14:58.600 [org.springframework.amqp.rabbit.RabbitListenerEndpointContainer#0-27] [] [] INFO  o.s.a.r.c.CachingConnectionFactory - Attempting to connect to: [127.0.0.1:5672]
2026-10-01 17:15:03.666 [org.springframework.amqp.rabbit.RabbitListenerEndpointContainer#0-27] [] [] WARN  o.s.a.r.l.SimpleMessageListenerContainer - Consumer raised exception, processing can restart if the connection factory supports it. Exception summary: org.springframework.amqp.AmqpConnectException: java.net.ConnectException: Connection refused: getsockopt
2026-10-01 17:15:03.667 [org.springframework.amqp.rabbit.RabbitListenerEndpointContainer#0-27] [] [] INFO  o.s.a.r.l.SimpleMessageListenerContainer - Restarting Consumer@56002c99: tags=[[]], channel=null, acknowledgeMode=MANUAL local queue size=0
2026-10-01 17:15:03.669 [org.springframework.amqp.rabbit.RabbitListenerEndpointContainer#0-28] [] [] INFO  o.s.a.r.c.CachingConnectionFactory - Attempting to connect to: [127.0.0.1:5672]
2026-10-01 17:15:03.671 [org.springframework.amqp.rabbit.RabbitListenerEndpointContainer#0-28] [] [] ERROR o.s.a.r.l.SimpleMessageListenerContainer - Failed to check/redeclare auto-delete queue(s).
2026-10-01 17:15:03.671 [org.springframework.amqp.rabbit.RabbitListenerEndpointContainer#0-28] [] [] INFO  o.s.a.r.c.CachingConnectionFactory - Attempting to connect to: [127.0.0.1:5672]
2026-10-01 17:15:08.808 [org.springframework.amqp.rabbit.RabbitListenerEndpointContainer#0-28] [] [] WARN  o.s.a.r.l.SimpleMessageListenerContainer - Consumer raised exception, processing can restart if the connection factory supports it. Exception summary: org.springframework.amqp.AmqpConnectException: java.net.ConnectException: Connection refused: getsockopt
2026-10-01 17:15:08.809 [org.springframework.amqp.rabbit.RabbitListenerEndpointContainer#0-28] [] [] INFO  o.s.a.r.l.SimpleMessageListenerContainer - Restarting Consumer@15d1dc9d: tags=[[]], channel=null, acknowledgeMode=MANUAL local queue size=0
2026-10-01 17:15:08.812 [org.springframework.amqp.rabbit.RabbitListenerEndpointContainer#0-29] [] [] INFO  o.s.a.r.c.CachingConnectionFactory - Attempting to connect to: [127.0.0.1:5672]
2026-10-01 17:15:08.823 [org.springframework.amqp.rabbit.RabbitListenerEndpointContainer#0-29] [] [] ERROR o.s.a.r.l.SimpleMessageListenerContainer - Failed to check/redeclare auto-delete queue(s).
2026-10-01 17:15:08.824 [org.springframework.amqp.rabbit.RabbitListenerEndpointContainer#0-29] [] [] INFO  o.s.a.r.c.CachingConnectionFactory - Attempting to connect to: [127.0.0.1:5672]
2026-10-01 17:15:13.922 [org.springframework.amqp.rabbit.RabbitListenerEndpointContainer#0-29] [] [] WARN  o.s.a.r.l.SimpleMessageListenerContainer - Consumer raised exception, processing can restart if the connection factory supports it. Exception summary: org.springframework.amqp.AmqpConnectException: java.net.ConnectException: Connection refused: getsockopt
2026-10-01 17:15:13.922 [org.springframework.amqp.rabbit.RabbitListenerEndpointContainer#0-29] [] [] INFO  o.s.a.r.l.SimpleMessageListenerContainer - Restarting Consumer@5f2fc130: tags=[[]], channel=null, acknowledgeMode=MANUAL local queue size=0
2026-10-01 17:15:13.924 [org.springframework.amqp.rabbit.RabbitListenerEndpointContainer#0-30] [] [] INFO  o.s.a.r.c.CachingConnectionFactory - Attempting to connect to: [127.0.0.1:5672]
2026-10-01 17:15:13.937 [org.springframework.amqp.rabbit.RabbitListenerEndpointContainer#0-30] [] [] ERROR o.s.a.r.l.SimpleMessageListenerContainer - Failed to check/redeclare auto-delete queue(s).
2026-10-01 17:15:13.937 [org.springframework.amqp.rabbit.RabbitListenerEndpointContainer#0-30] [] [] INFO  o.s.a.r.c.CachingConnectionFactory - Attempting to connect to: [127.0.0.1:5672]
2026-10-01 17:15:19.119 [org.springframework.amqp.rabbit.RabbitListenerEndpointContainer#0-30] [] [] WARN  o.s.a.r.l.SimpleMessageListenerContainer - Consumer raised exception, processing can restart if the connection factory supports it. Exception summary: org.springframework.amqp.AmqpConnectException: java.net.ConnectException: Connection refused: getsockopt
2026-10-01 17:15:19.120 [org.springframework.amqp.rabbit.RabbitListenerEndpointContainer#0-30] [] [] INFO  o.s.a.r.l.SimpleMessageListenerContainer - Restarting Consumer@431182cb: tags=[[]], channel=null, acknowledgeMode=MANUAL local queue size=0
2026-10-01 17:15:19.123 [org.springframework.amqp.rabbit.RabbitListenerEndpointContainer#0-31] [] [] INFO  o.s.a.r.c.CachingConnectionFactory - Attempting to connect to: [127.0.0.1:5672]
2026-10-01 17:15:19.124 [org.springframework.amqp.rabbit.RabbitListenerEndpointContainer#0-31] [] [] ERROR o.s.a.r.l.SimpleMessageListenerContainer - Failed to check/redeclare auto-delete queue(s).
2026-10-01 17:15:19.125 [org.springframework.amqp.rabbit.RabbitListenerEndpointContainer#0-31] [] [] INFO  o.s.a.r.c.CachingConnectionFactory - Attempting to connect to: [127.0.0.1:5672]
2026-10-01 17:15:24.229 [org.springframework.amqp.rabbit.RabbitListenerEndpointContainer#0-31] [] [] WARN  o.s.a.r.l.SimpleMessageListenerContainer - Consumer raised exception, processing can restart if the connection factory supports it. Exception summary: org.springframework.amqp.AmqpConnectException: java.net.ConnectException: Connection refused: getsockopt
2026-10-01 17:15:24.229 [org.springframework.amqp.rabbit.RabbitListenerEndpointContainer#0-31] [] [] INFO  o.s.a.r.l.SimpleMessageListenerContainer - Restarting Consumer@275fb4fb: tags=[[]], channel=null, acknowledgeMode=MANUAL local queue size=0
2026-10-01 17:15:24.232 [org.springframework.amqp.rabbit.RabbitListenerEndpointContainer#0-32] [] [] INFO  o.s.a.r.c.CachingConnectionFactory - Attempting to connect to: [127.0.0.1:5672]
2026-10-01 17:15:24.233 [org.springframework.amqp.rabbit.RabbitListenerEndpointContainer#0-32] [] [] ERROR o.s.a.r.l.SimpleMessageListenerContainer - Failed to check/redeclare auto-delete queue(s).
2026-10-01 17:15:24.234 [org.springframework.amqp.rabbit.RabbitListenerEndpointContainer#0-32] [] [] INFO  o.s.a.r.c.CachingConnectionFactory - Attempting to connect to: [127.0.0.1:5672]
2026-10-01 17:15:29.328 [org.springframework.amqp.rabbit.RabbitListenerEndpointContainer#0-32] [] [] WARN  o.s.a.r.l.SimpleMessageListenerContainer - Consumer raised exception, processing can restart if the connection factory supports it. Exception summary: org.springframework.amqp.AmqpConnectException: java.net.ConnectException: Connection refused: getsockopt
2026-10-01 17:15:29.329 [org.springframework.amqp.rabbit.RabbitListenerEndpointContainer#0-32] [] [] INFO  o.s.a.r.l.SimpleMessageListenerContainer - Restarting Consumer@36411cfc: tags=[[]], channel=null, acknowledgeMode=MANUAL local queue size=0
2026-10-01 17:15:29.331 [org.springframework.amqp.rabbit.RabbitListenerEndpointContainer#0-33] [] [] INFO  o.s.a.r.c.CachingConnectionFactory - Attempting to connect to: [127.0.0.1:5672]
2026-10-01 17:15:29.332 [org.springframework.amqp.rabbit.RabbitListenerEndpointContainer#0-33] [] [] ERROR o.s.a.r.l.SimpleMessageListenerContainer - Failed to check/redeclare auto-delete queue(s).
2026-10-01 17:15:29.332 [org.springframework.amqp.rabbit.RabbitListenerEndpointContainer#0-33] [] [] INFO  o.s.a.r.c.CachingConnectionFactory - Attempting to connect to: [127.0.0.1:5672]
2026-10-01 17:15:34.480 [org.springframework.amqp.rabbit.RabbitListenerEndpointContainer#0-33] [] [] WARN  o.s.a.r.l.SimpleMessageListenerContainer - Consumer raised exception, processing can restart if the connection factory supports it. Exception summary: org.springframework.amqp.AmqpConnectException: java.net.ConnectException: Connection refused: getsockopt
2026-10-01 17:15:34.481 [org.springframework.amqp.rabbit.RabbitListenerEndpointContainer#0-33] [] [] INFO  o.s.a.r.l.SimpleMessageListenerContainer - Restarting Consumer@2129e7d9: tags=[[]], channel=null, acknowledgeMode=MANUAL local queue size=0
2026-10-01 17:15:34.483 [org.springframework.amqp.rabbit.RabbitListenerEndpointContainer#0-34] [] [] INFO  o.s.a.r.c.CachingConnectionFactory - Attempting to connect to: [127.0.0.1:5672]
2026-10-01 17:15:34.485 [org.springframework.amqp.rabbit.RabbitListenerEndpointContainer#0-34] [] [] ERROR o.s.a.r.l.SimpleMessageListenerContainer - Failed to check/redeclare auto-delete queue(s).
2026-10-01 17:15:34.485 [org.springframework.amqp.rabbit.RabbitListenerEndpointContainer#0-34] [] [] INFO  o.s.a.r.c.CachingConnectionFactory - Attempting to connect to: [127.0.0.1:5672]
2026-10-01 17:15:39.724 [org.springframework.amqp.rabbit.RabbitListenerEndpointContainer#0-34] [] [] WARN  o.s.a.r.l.SimpleMessageListenerContainer - Consumer raised exception, processing can restart if the connection factory supports it. Exception summary: org.springframework.amqp.AmqpConnectException: java.net.ConnectException: Connection refused: getsockopt
2026-10-01 17:15:39.725 [org.springframework.amqp.rabbit.RabbitListenerEndpointContainer#0-34] [] [] INFO  o.s.a.r.l.SimpleMessageListenerContainer - Restarting Consumer@c7cf0fc: tags=[[]], channel=null, acknowledgeMode=MANUAL local queue size=0
2026-10-01 17:15:39.727 [org.springframework.amqp.rabbit.RabbitListenerEndpointContainer#0-35] [] [] INFO  o.s.a.r.c.CachingConnectionFactory - Attempting to connect to: [127.0.0.1:5672]
2026-10-01 17:15:39.728 [org.springframework.amqp.rabbit.RabbitListenerEndpointContainer#0-35] [] [] ERROR o.s.a.r.l.SimpleMessageListenerContainer - Failed to check/redeclare auto-delete queue(s).
2026-10-01 17:15:39.728 [org.springframework.amqp.rabbit.RabbitListenerEndpointContainer#0-35] [] [] INFO  o.s.a.r.c.CachingConnectionFactory - Attempting to connect to: [127.0.0.1:5672]
2026-10-01 17:15:44.899 [org.springframework.amqp.rabbit.RabbitListenerEndpointContainer#0-35] [] [] WARN  o.s.a.r.l.SimpleMessageListenerContainer - Consumer raised exception, processing can restart if the connection factory supports it. Exception summary: org.springframework.amqp.AmqpConnectException: java.net.ConnectException: Connection refused: getsockopt
2026-10-01 17:15:44.900 [org.springframework.amqp.rabbit.RabbitListenerEndpointContainer#0-35] [] [] INFO  o.s.a.r.l.SimpleMessageListenerContainer - Restarting Consumer@2a23c96c: tags=[[]], channel=null, acknowledgeMode=MANUAL local queue size=0
2026-10-01 17:15:44.904 [org.springframework.amqp.rabbit.RabbitListenerEndpointContainer#0-36] [] [] INFO  o.s.a.r.c.CachingConnectionFactory - Attempting to connect to: [127.0.0.1:5672]
2026-10-01 17:15:44.906 [org.springframework.amqp.rabbit.RabbitListenerEndpointContainer#0-36] [] [] ERROR o.s.a.r.l.SimpleMessageListenerContainer - Failed to check/redeclare auto-delete queue(s).
2026-10-01 17:15:44.906 [org.springframework.amqp.rabbit.RabbitListenerEndpointContainer#0-36] [] [] INFO  o.s.a.r.c.CachingConnectionFactory - Attempting to connect to: [127.0.0.1:5672]
2026-10-01 17:15:50.050 [org.springframework.amqp.rabbit.RabbitListenerEndpointContainer#0-36] [] [] WARN  o.s.a.r.l.SimpleMessageListenerContainer - Consumer raised exception, processing can restart if the connection factory supports it. Exception summary: org.springframework.amqp.AmqpConnectException: java.net.ConnectException: Connection refused: getsockopt
2026-10-01 17:15:50.051 [org.springframework.amqp.rabbit.RabbitListenerEndpointContainer#0-36] [] [] INFO  o.s.a.r.l.SimpleMessageListenerContainer - Restarting Consumer@7a31d2be: tags=[[]], channel=null, acknowledgeMode=MANUAL local queue size=0
2026-10-01 17:15:50.054 [org.springframework.amqp.rabbit.RabbitListenerEndpointContainer#0-37] [] [] INFO  o.s.a.r.c.CachingConnectionFactory - Attempting to connect to: [127.0.0.1:5672]
2026-10-01 17:15:50.056 [org.springframework.amqp.rabbit.RabbitListenerEndpointContainer#0-37] [] [] ERROR o.s.a.r.l.SimpleMessageListenerContainer - Failed to check/redeclare auto-delete queue(s).
2026-10-01 17:15:50.056 [org.springframework.amqp.rabbit.RabbitListenerEndpointContainer#0-37] [] [] INFO  o.s.a.r.c.CachingConnectionFactory - Attempting to connect to: [127.0.0.1:5672]
2026-10-01 17:15:55.154 [org.springframework.amqp.rabbit.RabbitListenerEndpointContainer#0-37] [] [] WARN  o.s.a.r.l.SimpleMessageListenerContainer - Consumer raised exception, processing can restart if the connection factory supports it. Exception summary: org.springframework.amqp.AmqpConnectException: java.net.ConnectException: Connection refused: getsockopt
2026-10-01 17:15:55.154 [org.springframework.amqp.rabbit.RabbitListenerEndpointContainer#0-37] [] [] INFO  o.s.a.r.l.SimpleMessageListenerContainer - Restarting Consumer@513c7f81: tags=[[]], channel=null, acknowledgeMode=MANUAL local queue size=0
2026-10-01 17:15:55.157 [org.springframework.amqp.rabbit.RabbitListenerEndpointContainer#0-38] [] [] INFO  o.s.a.r.c.CachingConnectionFactory - Attempting to connect to: [127.0.0.1:5672]
2026-10-01 17:15:55.184 [org.springframework.amqp.rabbit.RabbitListenerEndpointContainer#0-38] [] [] ERROR o.s.a.r.l.SimpleMessageListenerContainer - Failed to check/redeclare auto-delete queue(s).
2026-10-01 17:15:55.184 [org.springframework.amqp.rabbit.RabbitListenerEndpointContainer#0-38] [] [] INFO  o.s.a.r.c.CachingConnectionFactory - Attempting to connect to: [127.0.0.1:5672]
2026-10-01 17:16:00.242 [org.springframework.amqp.rabbit.RabbitListenerEndpointContainer#0-38] [] [] WARN  o.s.a.r.l.SimpleMessageListenerContainer - Consumer raised exception, processing can restart if the connection factory supports it. Exception summary: org.springframework.amqp.AmqpConnectException: java.net.ConnectException: Connection refused: getsockopt
2026-10-01 17:16:00.243 [org.springframework.amqp.rabbit.RabbitListenerEndpointContainer#0-38] [] [] INFO  o.s.a.r.l.SimpleMessageListenerContainer - Restarting Consumer@6c814cf8: tags=[[]], channel=null, acknowledgeMode=MANUAL local queue size=0
2026-10-01 17:16:00.246 [org.springframework.amqp.rabbit.RabbitListenerEndpointContainer#0-39] [] [] INFO  o.s.a.r.c.CachingConnectionFactory - Attempting to connect to: [127.0.0.1:5672]
2026-10-01 17:16:00.248 [org.springframework.amqp.rabbit.RabbitListenerEndpointContainer#0-39] [] [] ERROR o.s.a.r.l.SimpleMessageListenerContainer - Failed to check/redeclare auto-delete queue(s).
2026-10-01 17:16:00.248 [org.springframework.amqp.rabbit.RabbitListenerEndpointContainer#0-39] [] [] INFO  o.s.a.r.c.CachingConnectionFactory - Attempting to connect to: [127.0.0.1:5672]
2026-10-01 17:16:05.373 [org.springframework.amqp.rabbit.RabbitListenerEndpointContainer#0-39] [] [] WARN  o.s.a.r.l.SimpleMessageListenerContainer - Consumer raised exception, processing can restart if the connection factory supports it. Exception summary: org.springframework.amqp.AmqpConnectException: java.net.ConnectException: Connection refused: getsockopt
2026-10-01 17:16:05.374 [org.springframework.amqp.rabbit.RabbitListenerEndpointContainer#0-39] [] [] INFO  o.s.a.r.l.SimpleMessageListenerContainer - Restarting Consumer@30819d11: tags=[[]], channel=null, acknowledgeMode=MANUAL local queue size=0
2026-10-01 17:16:05.377 [org.springframework.amqp.rabbit.RabbitListenerEndpointContainer#0-40] [] [] INFO  o.s.a.r.c.CachingConnectionFactory - Attempting to connect to: [127.0.0.1:5672]
2026-10-01 17:16:05.389 [org.springframework.amqp.rabbit.RabbitListenerEndpointContainer#0-40] [] [] ERROR o.s.a.r.l.SimpleMessageListenerContainer - Failed to check/redeclare auto-delete queue(s).
2026-10-01 17:16:05.389 [org.springframework.amqp.rabbit.RabbitListenerEndpointContainer#0-40] [] [] INFO  o.s.a.r.c.CachingConnectionFactory - Attempting to connect to: [127.0.0.1:5672]
2026-10-01 17:16:10.532 [org.springframework.amqp.rabbit.RabbitListenerEndpointContainer#0-40] [] [] WARN  o.s.a.r.l.SimpleMessageListenerContainer - Consumer raised exception, processing can restart if the connection factory supports it. Exception summary: org.springframework.amqp.AmqpConnectException: java.net.ConnectException: Connection refused: getsockopt
2026-10-01 17:16:10.533 [org.springframework.amqp.rabbit.RabbitListenerEndpointContainer#0-40] [] [] INFO  o.s.a.r.l.SimpleMessageListenerContainer - Restarting Consumer@3fb4a7cf: tags=[[]], channel=null, acknowledgeMode=MANUAL local queue size=0
2026-10-01 17:16:10.535 [org.springframework.amqp.rabbit.RabbitListenerEndpointContainer#0-41] [] [] INFO  o.s.a.r.c.CachingConnectionFactory - Attempting to connect to: [127.0.0.1:5672]
2026-10-01 17:16:10.537 [org.springframework.amqp.rabbit.RabbitListenerEndpointContainer#0-41] [] [] ERROR o.s.a.r.l.SimpleMessageListenerContainer - Failed to check/redeclare auto-delete queue(s).
2026-10-01 17:16:10.537 [org.springframework.amqp.rabbit.RabbitListenerEndpointContainer#0-41] [] [] INFO  o.s.a.r.c.CachingConnectionFactory - Attempting to connect to: [127.0.0.1:5672]
2026-10-01 17:16:15.628 [org.springframework.amqp.rabbit.RabbitListenerEndpointContainer#0-41] [] [] WARN  o.s.a.r.l.SimpleMessageListenerContainer - Consumer raised exception, processing can restart if the connection factory supports it. Exception summary: org.springframework.amqp.AmqpConnectException: java.net.ConnectException: Connection refused: getsockopt
2026-10-01 17:16:15.628 [org.springframework.amqp.rabbit.RabbitListenerEndpointContainer#0-41] [] [] INFO  o.s.a.r.l.SimpleMessageListenerContainer - Restarting Consumer@40b2bb1a: tags=[[]], channel=null, acknowledgeMode=MANUAL local queue size=0
2026-10-01 17:16:15.630 [org.springframework.amqp.rabbit.RabbitListenerEndpointContainer#0-42] [] [] INFO  o.s.a.r.c.CachingConnectionFactory - Attempting to connect to: [127.0.0.1:5672]
2026-10-01 17:16:15.631 [org.springframework.amqp.rabbit.RabbitListenerEndpointContainer#0-42] [] [] ERROR o.s.a.r.l.SimpleMessageListenerContainer - Failed to check/redeclare auto-delete queue(s).
2026-10-01 17:16:15.632 [org.springframework.amqp.rabbit.RabbitListenerEndpointContainer#0-42] [] [] INFO  o.s.a.r.c.CachingConnectionFactory - Attempting to connect to: [127.0.0.1:5672]
2026-10-01 17:16:20.737 [org.springframework.amqp.rabbit.RabbitListenerEndpointContainer#0-42] [] [] WARN  o.s.a.r.l.SimpleMessageListenerContainer - Consumer raised exception, processing can restart if the connection factory supports it. Exception summary: org.springframework.amqp.AmqpConnectException: java.net.ConnectException: Connection refused: getsockopt
2026-10-01 17:16:20.738 [org.springframework.amqp.rabbit.RabbitListenerEndpointContainer#0-42] [] [] INFO  o.s.a.r.l.SimpleMessageListenerContainer - Restarting Consumer@7763878f: tags=[[]], channel=null, acknowledgeMode=MANUAL local queue size=0
2026-10-01 17:16:20.741 [org.springframework.amqp.rabbit.RabbitListenerEndpointContainer#0-43] [] [] INFO  o.s.a.r.c.CachingConnectionFactory - Attempting to connect to: [127.0.0.1:5672]
2026-10-01 17:16:20.743 [org.springframework.amqp.rabbit.RabbitListenerEndpointContainer#0-43] [] [] ERROR o.s.a.r.l.SimpleMessageListenerContainer - Failed to check/redeclare auto-delete queue(s).
2026-10-01 17:16:20.743 [org.springframework.amqp.rabbit.RabbitListenerEndpointContainer#0-43] [] [] INFO  o.s.a.r.c.CachingConnectionFactory - Attempting to connect to: [127.0.0.1:5672]
2026-10-01 17:16:25.841 [org.springframework.amqp.rabbit.RabbitListenerEndpointContainer#0-43] [] [] WARN  o.s.a.r.l.SimpleMessageListenerContainer - Consumer raised exception, processing can restart if the connection factory supports it. Exception summary: org.springframework.amqp.AmqpConnectException: java.net.ConnectException: Connection refused: getsockopt
2026-10-01 17:16:25.842 [org.springframework.amqp.rabbit.RabbitListenerEndpointContainer#0-43] [] [] INFO  o.s.a.r.l.SimpleMessageListenerContainer - Restarting Consumer@18a1451e: tags=[[]], channel=null, acknowledgeMode=MANUAL local queue size=0
2026-10-01 17:16:25.847 [org.springframework.amqp.rabbit.RabbitListenerEndpointContainer#0-44] [] [] INFO  o.s.a.r.c.CachingConnectionFactory - Attempting to connect to: [127.0.0.1:5672]
2026-10-01 17:16:25.873 [org.springframework.amqp.rabbit.RabbitListenerEndpointContainer#0-44] [] [] ERROR o.s.a.r.l.SimpleMessageListenerContainer - Failed to check/redeclare auto-delete queue(s).
2026-10-01 17:16:25.874 [org.springframework.amqp.rabbit.RabbitListenerEndpointContainer#0-44] [] [] INFO  o.s.a.r.c.CachingConnectionFactory - Attempting to connect to: [127.0.0.1:5672]
2026-10-01 17:16:30.967 [org.springframework.amqp.rabbit.RabbitListenerEndpointContainer#0-44] [] [] WARN  o.s.a.r.l.SimpleMessageListenerContainer - Consumer raised exception, processing can restart if the connection factory supports it. Exception summary: org.springframework.amqp.AmqpConnectException: java.net.ConnectException: Connection refused: getsockopt
2026-10-01 17:16:30.968 [org.springframework.amqp.rabbit.RabbitListenerEndpointContainer#0-44] [] [] INFO  o.s.a.r.l.SimpleMessageListenerContainer - Restarting Consumer@65354fdb: tags=[[]], channel=null, acknowledgeMode=MANUAL local queue size=0
2026-10-01 17:16:30.971 [org.springframework.amqp.rabbit.RabbitListenerEndpointContainer#0-45] [] [] INFO  o.s.a.r.c.CachingConnectionFactory - Attempting to connect to: [127.0.0.1:5672]
2026-10-01 17:16:30.973 [org.springframework.amqp.rabbit.RabbitListenerEndpointContainer#0-45] [] [] ERROR o.s.a.r.l.SimpleMessageListenerContainer - Failed to check/redeclare auto-delete queue(s).
2026-10-01 17:16:30.974 [org.springframework.amqp.rabbit.RabbitListenerEndpointContainer#0-45] [] [] INFO  o.s.a.r.c.CachingConnectionFactory - Attempting to connect to: [127.0.0.1:5672]
2026-10-01 17:16:36.082 [org.springframework.amqp.rabbit.RabbitListenerEndpointContainer#0-45] [] [] WARN  o.s.a.r.l.SimpleMessageListenerContainer - Consumer raised exception, processing can restart if the connection factory supports it. Exception summary: org.springframework.amqp.AmqpConnectException: java.net.ConnectException: Connection refused: getsockopt
2026-10-01 17:16:36.083 [org.springframework.amqp.rabbit.RabbitListenerEndpointContainer#0-45] [] [] INFO  o.s.a.r.l.SimpleMessageListenerContainer - Restarting Consumer@66e6cda9: tags=[[]], channel=null, acknowledgeMode=MANUAL local queue size=0
2026-10-01 17:16:36.085 [org.springframework.amqp.rabbit.RabbitListenerEndpointContainer#0-46] [] [] INFO  o.s.a.r.c.CachingConnectionFactory - Attempting to connect to: [127.0.0.1:5672]
2026-10-01 17:16:36.086 [org.springframework.amqp.rabbit.RabbitListenerEndpointContainer#0-46] [] [] ERROR o.s.a.r.l.SimpleMessageListenerContainer - Failed to check/redeclare auto-delete queue(s).
2026-10-01 17:16:36.086 [org.springframework.amqp.rabbit.RabbitListenerEndpointContainer#0-46] [] [] INFO  o.s.a.r.c.CachingConnectionFactory - Attempting to connect to: [127.0.0.1:5672]
2026-10-01 17:16:41.194 [org.springframework.amqp.rabbit.RabbitListenerEndpointContainer#0-46] [] [] WARN  o.s.a.r.l.SimpleMessageListenerContainer - Consumer raised exception, processing can restart if the connection factory supports it. Exception summary: org.springframework.amqp.AmqpConnectException: java.net.ConnectException: Connection refused: getsockopt
2026-10-01 17:16:41.195 [org.springframework.amqp.rabbit.RabbitListenerEndpointContainer#0-46] [] [] INFO  o.s.a.r.l.SimpleMessageListenerContainer - Restarting Consumer@44e1495: tags=[[]], channel=null, acknowledgeMode=MANUAL local queue size=0
2026-10-01 17:16:41.197 [org.springframework.amqp.rabbit.RabbitListenerEndpointContainer#0-47] [] [] INFO  o.s.a.r.c.CachingConnectionFactory - Attempting to connect to: [127.0.0.1:5672]
2026-10-01 17:16:41.199 [org.springframework.amqp.rabbit.RabbitListenerEndpointContainer#0-47] [] [] ERROR o.s.a.r.l.SimpleMessageListenerContainer - Failed to check/redeclare auto-delete queue(s).
2026-10-01 17:16:41.199 [org.springframework.amqp.rabbit.RabbitListenerEndpointContainer#0-47] [] [] INFO  o.s.a.r.c.CachingConnectionFactory - Attempting to connect to: [127.0.0.1:5672]
2026-10-01 17:16:46.302 [org.springframework.amqp.rabbit.RabbitListenerEndpointContainer#0-47] [] [] WARN  o.s.a.r.l.SimpleMessageListenerContainer - Consumer raised exception, processing can restart if the connection factory supports it. Exception summary: org.springframework.amqp.AmqpConnectException: java.net.ConnectException: Connection refused: getsockopt
2026-10-01 17:16:46.303 [org.springframework.amqp.rabbit.RabbitListenerEndpointContainer#0-47] [] [] INFO  o.s.a.r.l.SimpleMessageListenerContainer - Restarting Consumer@5be47a29: tags=[[]], channel=null, acknowledgeMode=MANUAL local queue size=0
2026-10-01 17:16:46.305 [org.springframework.amqp.rabbit.RabbitListenerEndpointContainer#0-48] [] [] INFO  o.s.a.r.c.CachingConnectionFactory - Attempting to connect to: [127.0.0.1:5672]
2026-10-01 17:16:46.307 [org.springframework.amqp.rabbit.RabbitListenerEndpointContainer#0-48] [] [] ERROR o.s.a.r.l.SimpleMessageListenerContainer - Failed to check/redeclare auto-delete queue(s).
2026-10-01 17:16:46.307 [org.springframework.amqp.rabbit.RabbitListenerEndpointContainer#0-48] [] [] INFO  o.s.a.r.c.CachingConnectionFactory - Attempting to connect to: [127.0.0.1:5672]
2026-10-01 17:16:51.387 [org.springframework.amqp.rabbit.RabbitListenerEndpointContainer#0-48] [] [] WARN  o.s.a.r.l.SimpleMessageListenerContainer - Consumer raised exception, processing can restart if the connection factory supports it. Exception summary: org.springframework.amqp.AmqpConnectException: java.net.ConnectException: Connection refused: getsockopt
2026-10-01 17:16:51.388 [org.springframework.amqp.rabbit.RabbitListenerEndpointContainer#0-48] [] [] INFO  o.s.a.r.l.SimpleMessageListenerContainer - Restarting Consumer@5d55410d: tags=[[]], channel=null, acknowledgeMode=MANUAL local queue size=0
2026-10-01 17:16:51.390 [org.springframework.amqp.rabbit.RabbitListenerEndpointContainer#0-49] [] [] INFO  o.s.a.r.c.CachingConnectionFactory - Attempting to connect to: [127.0.0.1:5672]
2026-10-01 17:16:51.392 [org.springframework.amqp.rabbit.RabbitListenerEndpointContainer#0-49] [] [] ERROR o.s.a.r.l.SimpleMessageListenerContainer - Failed to check/redeclare auto-delete queue(s).
2026-10-01 17:16:51.392 [org.springframework.amqp.rabbit.RabbitListenerEndpointContainer#0-49] [] [] INFO  o.s.a.r.c.CachingConnectionFactory - Attempting to connect to: [127.0.0.1:5672]
2026-10-01 17:16:56.506 [org.springframework.amqp.rabbit.RabbitListenerEndpointContainer#0-49] [] [] WARN  o.s.a.r.l.SimpleMessageListenerContainer - Consumer raised exception, processing can restart if the connection factory supports it. Exception summary: org.springframework.amqp.AmqpConnectException: java.net.ConnectException: Connection refused: getsockopt
2026-10-01 17:16:56.506 [org.springframework.amqp.rabbit.RabbitListenerEndpointContainer#0-49] [] [] INFO  o.s.a.r.l.SimpleMessageListenerContainer - Restarting Consumer@30ea88e2: tags=[[]], channel=null, acknowledgeMode=MANUAL local queue size=0
2026-10-01 17:16:56.510 [org.springframework.amqp.rabbit.RabbitListenerEndpointContainer#0-50] [] [] INFO  o.s.a.r.c.CachingConnectionFactory - Attempting to connect to: [127.0.0.1:5672]
2026-10-01 17:16:56.513 [org.springframework.amqp.rabbit.RabbitListenerEndpointContainer#0-50] [] [] ERROR o.s.a.r.l.SimpleMessageListenerContainer - Failed to check/redeclare auto-delete queue(s).
2026-10-01 17:16:56.513 [org.springframework.amqp.rabbit.RabbitListenerEndpointContainer#0-50] [] [] INFO  o.s.a.r.c.CachingConnectionFactory - Attempting to connect to: [127.0.0.1:5672]
2026-10-01 17:17:01.656 [org.springframework.amqp.rabbit.RabbitListenerEndpointContainer#0-50] [] [] WARN  o.s.a.r.l.SimpleMessageListenerContainer - Consumer raised exception, processing can restart if the connection factory supports it. Exception summary: org.springframework.amqp.AmqpConnectException: java.net.ConnectException: Connection refused: getsockopt
2026-10-01 17:17:01.656 [org.springframework.amqp.rabbit.RabbitListenerEndpointContainer#0-50] [] [] INFO  o.s.a.r.l.SimpleMessageListenerContainer - Restarting Consumer@3cbc7e1f: tags=[[]], channel=null, acknowledgeMode=MANUAL local queue size=0
2026-10-01 17:17:01.660 [org.springframework.amqp.rabbit.RabbitListenerEndpointContainer#0-51] [] [] INFO  o.s.a.r.c.CachingConnectionFactory - Attempting to connect to: [127.0.0.1:5672]
2026-10-01 17:17:01.662 [org.springframework.amqp.rabbit.RabbitListenerEndpointContainer#0-51] [] [] ERROR o.s.a.r.l.SimpleMessageListenerContainer - Failed to check/redeclare auto-delete queue(s).
2026-10-01 17:17:01.662 [org.springframework.amqp.rabbit.RabbitListenerEndpointContainer#0-51] [] [] INFO  o.s.a.r.c.CachingConnectionFactory - Attempting to connect to: [127.0.0.1:5672]
2026-10-01 17:17:06.824 [org.springframework.amqp.rabbit.RabbitListenerEndpointContainer#0-51] [] [] WARN  o.s.a.r.l.SimpleMessageListenerContainer - Consumer raised exception, processing can restart if the connection factory supports it. Exception summary: org.springframework.amqp.AmqpConnectException: java.net.ConnectException: Connection refused: getsockopt
2026-10-01 17:17:06.825 [org.springframework.amqp.rabbit.RabbitListenerEndpointContainer#0-51] [] [] INFO  o.s.a.r.l.SimpleMessageListenerContainer - Restarting Consumer@39730a44: tags=[[]], channel=null, acknowledgeMode=MANUAL local queue size=0
2026-10-01 17:17:06.828 [org.springframework.amqp.rabbit.RabbitListenerEndpointContainer#0-52] [] [] INFO  o.s.a.r.c.CachingConnectionFactory - Attempting to connect to: [127.0.0.1:5672]
2026-10-01 17:17:06.830 [org.springframework.amqp.rabbit.RabbitListenerEndpointContainer#0-52] [] [] ERROR o.s.a.r.l.SimpleMessageListenerContainer - Failed to check/redeclare auto-delete queue(s).
2026-10-01 17:17:06.831 [org.springframework.amqp.rabbit.RabbitListenerEndpointContainer#0-52] [] [] INFO  o.s.a.r.c.CachingConnectionFactory - Attempting to connect to: [127.0.0.1:5672]
2026-10-01 17:17:11.955 [org.springframework.amqp.rabbit.RabbitListenerEndpointContainer#0-52] [] [] WARN  o.s.a.r.l.SimpleMessageListenerContainer - Consumer raised exception, processing can restart if the connection factory supports it. Exception summary: org.springframework.amqp.AmqpConnectException: java.net.ConnectException: Connection refused: getsockopt
2026-10-01 17:17:11.956 [org.springframework.amqp.rabbit.RabbitListenerEndpointContainer#0-52] [] [] INFO  o.s.a.r.l.SimpleMessageListenerContainer - Restarting Consumer@113df0d4: tags=[[]], channel=null, acknowledgeMode=MANUAL local queue size=0
2026-10-01 17:17:11.960 [org.springframework.amqp.rabbit.RabbitListenerEndpointContainer#0-53] [] [] INFO  o.s.a.r.c.CachingConnectionFactory - Attempting to connect to: [127.0.0.1:5672]
2026-10-01 17:17:11.961 [org.springframework.amqp.rabbit.RabbitListenerEndpointContainer#0-53] [] [] ERROR o.s.a.r.l.SimpleMessageListenerContainer - Failed to check/redeclare auto-delete queue(s).
2026-10-01 17:17:11.961 [org.springframework.amqp.rabbit.RabbitListenerEndpointContainer#0-53] [] [] INFO  o.s.a.r.c.CachingConnectionFactory - Attempting to connect to: [127.0.0.1:5672]
2026-10-01 17:17:17.061 [org.springframework.amqp.rabbit.RabbitListenerEndpointContainer#0-53] [] [] WARN  o.s.a.r.l.SimpleMessageListenerContainer - Consumer raised exception, processing can restart if the connection factory supports it. Exception summary: org.springframework.amqp.AmqpConnectException: java.net.ConnectException: Connection refused: getsockopt
2026-10-01 17:17:17.061 [org.springframework.amqp.rabbit.RabbitListenerEndpointContainer#0-53] [] [] INFO  o.s.a.r.l.SimpleMessageListenerContainer - Restarting Consumer@54de77b7: tags=[[]], channel=null, acknowledgeMode=MANUAL local queue size=0
2026-10-01 17:17:17.063 [org.springframework.amqp.rabbit.RabbitListenerEndpointContainer#0-54] [] [] INFO  o.s.a.r.c.CachingConnectionFactory - Attempting to connect to: [127.0.0.1:5672]
2026-10-01 17:17:17.064 [org.springframework.amqp.rabbit.RabbitListenerEndpointContainer#0-54] [] [] ERROR o.s.a.r.l.SimpleMessageListenerContainer - Failed to check/redeclare auto-delete queue(s).
2026-10-01 17:17:17.064 [org.springframework.amqp.rabbit.RabbitListenerEndpointContainer#0-54] [] [] INFO  o.s.a.r.c.CachingConnectionFactory - Attempting to connect to: [127.0.0.1:5672]
2026-10-01 17:17:22.165 [org.springframework.amqp.rabbit.RabbitListenerEndpointContainer#0-54] [] [] WARN  o.s.a.r.l.SimpleMessageListenerContainer - Consumer raised exception, processing can restart if the connection factory supports it. Exception summary: org.springframework.amqp.AmqpConnectException: java.net.ConnectException: Connection refused: getsockopt
2026-10-01 17:17:22.165 [org.springframework.amqp.rabbit.RabbitListenerEndpointContainer#0-54] [] [] INFO  o.s.a.r.l.SimpleMessageListenerContainer - Restarting Consumer@3b9a9146: tags=[[]], channel=null, acknowledgeMode=MANUAL local queue size=0
2026-10-01 17:17:22.167 [org.springframework.amqp.rabbit.RabbitListenerEndpointContainer#0-55] [] [] INFO  o.s.a.r.c.CachingConnectionFactory - Attempting to connect to: [127.0.0.1:5672]
2026-10-01 17:17:22.168 [org.springframework.amqp.rabbit.RabbitListenerEndpointContainer#0-55] [] [] ERROR o.s.a.r.l.SimpleMessageListenerContainer - Failed to check/redeclare auto-delete queue(s).
2026-10-01 17:17:22.168 [org.springframework.amqp.rabbit.RabbitListenerEndpointContainer#0-55] [] [] INFO  o.s.a.r.c.CachingConnectionFactory - Attempting to connect to: [127.0.0.1:5672]
2026-10-01 17:17:27.285 [org.springframework.amqp.rabbit.RabbitListenerEndpointContainer#0-55] [] [] WARN  o.s.a.r.l.SimpleMessageListenerContainer - Consumer raised exception, processing can restart if the connection factory supports it. Exception summary: org.springframework.amqp.AmqpConnectException: java.net.ConnectException: Connection refused: getsockopt
2026-10-01 17:17:27.285 [org.springframework.amqp.rabbit.RabbitListenerEndpointContainer#0-55] [] [] INFO  o.s.a.r.l.SimpleMessageListenerContainer - Restarting Consumer@2783829f: tags=[[]], channel=null, acknowledgeMode=MANUAL local queue size=0
2026-10-01 17:17:27.287 [org.springframework.amqp.rabbit.RabbitListenerEndpointContainer#0-56] [] [] INFO  o.s.a.r.c.CachingConnectionFactory - Attempting to connect to: [127.0.0.1:5672]
2026-10-01 17:17:27.301 [org.springframework.amqp.rabbit.RabbitListenerEndpointContainer#0-56] [] [] ERROR o.s.a.r.l.SimpleMessageListenerContainer - Failed to check/redeclare auto-delete queue(s).
2026-10-01 17:17:27.301 [org.springframework.amqp.rabbit.RabbitListenerEndpointContainer#0-56] [] [] INFO  o.s.a.r.c.CachingConnectionFactory - Attempting to connect to: [127.0.0.1:5672]
2026-10-01 17:17:32.418 [org.springframework.amqp.rabbit.RabbitListenerEndpointContainer#0-56] [] [] WARN  o.s.a.r.l.SimpleMessageListenerContainer - Consumer raised exception, processing can restart if the connection factory supports it. Exception summary: org.springframework.amqp.AmqpConnectException: java.net.ConnectException: Connection refused: getsockopt
2026-10-01 17:17:32.419 [org.springframework.amqp.rabbit.RabbitListenerEndpointContainer#0-56] [] [] INFO  o.s.a.r.l.SimpleMessageListenerContainer - Restarting Consumer@411cbefc: tags=[[]], channel=null, acknowledgeMode=MANUAL local queue size=0
2026-10-01 17:17:32.422 [org.springframework.amqp.rabbit.RabbitListenerEndpointContainer#0-57] [] [] INFO  o.s.a.r.c.CachingConnectionFactory - Attempting to connect to: [127.0.0.1:5672]
2026-10-01 17:17:32.423 [org.springframework.amqp.rabbit.RabbitListenerEndpointContainer#0-57] [] [] ERROR o.s.a.r.l.SimpleMessageListenerContainer - Failed to check/redeclare auto-delete queue(s).
2026-10-01 17:17:32.423 [org.springframework.amqp.rabbit.RabbitListenerEndpointContainer#0-57] [] [] INFO  o.s.a.r.c.CachingConnectionFactory - Attempting to connect to: [127.0.0.1:5672]
2026-10-01 17:17:37.594 [org.springframework.amqp.rabbit.RabbitListenerEndpointContainer#0-57] [] [] WARN  o.s.a.r.l.SimpleMessageListenerContainer - Consumer raised exception, processing can restart if the connection factory supports it. Exception summary: org.springframework.amqp.AmqpConnectException: java.net.ConnectException: Connection refused: getsockopt
2026-10-01 17:17:37.594 [org.springframework.amqp.rabbit.RabbitListenerEndpointContainer#0-57] [] [] INFO  o.s.a.r.l.SimpleMessageListenerContainer - Restarting Consumer@10136c9e: tags=[[]], channel=null, acknowledgeMode=MANUAL local queue size=0
2026-10-01 17:17:37.596 [org.springframework.amqp.rabbit.RabbitListenerEndpointContainer#0-58] [] [] INFO  o.s.a.r.c.CachingConnectionFactory - Attempting to connect to: [127.0.0.1:5672]
2026-10-01 17:17:37.610 [org.springframework.amqp.rabbit.RabbitListenerEndpointContainer#0-58] [] [] ERROR o.s.a.r.l.SimpleMessageListenerContainer - Failed to check/redeclare auto-delete queue(s).
2026-10-01 17:17:37.610 [org.springframework.amqp.rabbit.RabbitListenerEndpointContainer#0-58] [] [] INFO  o.s.a.r.c.CachingConnectionFactory - Attempting to connect to: [127.0.0.1:5672]
2026-10-01 17:17:42.739 [org.springframework.amqp.rabbit.RabbitListenerEndpointContainer#0-58] [] [] WARN  o.s.a.r.l.SimpleMessageListenerContainer - Consumer raised exception, processing can restart if the connection factory supports it. Exception summary: org.springframework.amqp.AmqpConnectException: java.net.ConnectException: Connection refused: getsockopt
2026-10-01 17:17:42.740 [org.springframework.amqp.rabbit.RabbitListenerEndpointContainer#0-58] [] [] INFO  o.s.a.r.l.SimpleMessageListenerContainer - Restarting Consumer@50e00ae6: tags=[[]], channel=null, acknowledgeMode=MANUAL local queue size=0
2026-10-01 17:17:42.743 [org.springframework.amqp.rabbit.RabbitListenerEndpointContainer#0-59] [] [] INFO  o.s.a.r.c.CachingConnectionFactory - Attempting to connect to: [127.0.0.1:5672]
2026-10-01 17:17:42.745 [org.springframework.amqp.rabbit.RabbitListenerEndpointContainer#0-59] [] [] ERROR o.s.a.r.l.SimpleMessageListenerContainer - Failed to check/redeclare auto-delete queue(s).
2026-10-01 17:17:42.745 [org.springframework.amqp.rabbit.RabbitListenerEndpointContainer#0-59] [] [] INFO  o.s.a.r.c.CachingConnectionFactory - Attempting to connect to: [127.0.0.1:5672]
2026-10-01 17:17:47.900 [org.springframework.amqp.rabbit.RabbitListenerEndpointContainer#0-59] [] [] WARN  o.s.a.r.l.SimpleMessageListenerContainer - Consumer raised exception, processing can restart if the connection factory supports it. Exception summary: org.springframework.amqp.AmqpConnectException: java.net.ConnectException: Connection refused: getsockopt
2026-10-01 17:17:47.901 [org.springframework.amqp.rabbit.RabbitListenerEndpointContainer#0-59] [] [] INFO  o.s.a.r.l.SimpleMessageListenerContainer - Restarting Consumer@4284c99b: tags=[[]], channel=null, acknowledgeMode=MANUAL local queue size=0
2026-10-01 17:17:47.903 [org.springframework.amqp.rabbit.RabbitListenerEndpointContainer#0-60] [] [] INFO  o.s.a.r.c.CachingConnectionFactory - Attempting to connect to: [127.0.0.1:5672]
2026-10-01 17:17:47.904 [org.springframework.amqp.rabbit.RabbitListenerEndpointContainer#0-60] [] [] ERROR o.s.a.r.l.SimpleMessageListenerContainer - Failed to check/redeclare auto-delete queue(s).
2026-10-01 17:17:47.904 [org.springframework.amqp.rabbit.RabbitListenerEndpointContainer#0-60] [] [] INFO  o.s.a.r.c.CachingConnectionFactory - Attempting to connect to: [127.0.0.1:5672]
2026-10-01 17:17:53.054 [org.springframework.amqp.rabbit.RabbitListenerEndpointContainer#0-60] [] [] WARN  o.s.a.r.l.SimpleMessageListenerContainer - Consumer raised exception, processing can restart if the connection factory supports it. Exception summary: org.springframework.amqp.AmqpConnectException: java.net.ConnectException: Connection refused: getsockopt
2026-10-01 17:17:53.054 [org.springframework.amqp.rabbit.RabbitListenerEndpointContainer#0-60] [] [] INFO  o.s.a.r.l.SimpleMessageListenerContainer - Restarting Consumer@7dbb5ea9: tags=[[]], channel=null, acknowledgeMode=MANUAL local queue size=0
2026-10-01 17:17:53.056 [org.springframework.amqp.rabbit.RabbitListenerEndpointContainer#0-61] [] [] INFO  o.s.a.r.c.CachingConnectionFactory - Attempting to connect to: [127.0.0.1:5672]
2026-10-01 17:17:53.058 [org.springframework.amqp.rabbit.RabbitListenerEndpointContainer#0-61] [] [] ERROR o.s.a.r.l.SimpleMessageListenerContainer - Failed to check/redeclare auto-delete queue(s).
2026-10-01 17:17:53.058 [org.springframework.amqp.rabbit.RabbitListenerEndpointContainer#0-61] [] [] INFO  o.s.a.r.c.CachingConnectionFactory - Attempting to connect to: [127.0.0.1:5672]
2026-10-01 17:17:58.154 [org.springframework.amqp.rabbit.RabbitListenerEndpointContainer#0-61] [] [] WARN  o.s.a.r.l.SimpleMessageListenerContainer - Consumer raised exception, processing can restart if the connection factory supports it. Exception summary: org.springframework.amqp.AmqpConnectException: java.net.ConnectException: Connection refused: getsockopt
2026-10-01 17:17:58.154 [org.springframework.amqp.rabbit.RabbitListenerEndpointContainer#0-61] [] [] INFO  o.s.a.r.l.SimpleMessageListenerContainer - Restarting Consumer@104b5c29: tags=[[]], channel=null, acknowledgeMode=MANUAL local queue size=0
2026-10-01 17:17:58.157 [org.springframework.amqp.rabbit.RabbitListenerEndpointContainer#0-62] [] [] INFO  o.s.a.r.c.CachingConnectionFactory - Attempting to connect to: [127.0.0.1:5672]
2026-10-01 17:17:58.158 [org.springframework.amqp.rabbit.RabbitListenerEndpointContainer#0-62] [] [] ERROR o.s.a.r.l.SimpleMessageListenerContainer - Failed to check/redeclare auto-delete queue(s).
2026-10-01 17:17:58.158 [org.springframework.amqp.rabbit.RabbitListenerEndpointContainer#0-62] [] [] INFO  o.s.a.r.c.CachingConnectionFactory - Attempting to connect to: [127.0.0.1:5672]
2026-10-01 17:18:03.236 [org.springframework.amqp.rabbit.RabbitListenerEndpointContainer#0-62] [] [] WARN  o.s.a.r.l.SimpleMessageListenerContainer - Consumer raised exception, processing can restart if the connection factory supports it. Exception summary: org.springframework.amqp.AmqpConnectException: java.net.ConnectException: Connection refused: getsockopt
2026-10-01 17:18:03.237 [org.springframework.amqp.rabbit.RabbitListenerEndpointContainer#0-62] [] [] INFO  o.s.a.r.l.SimpleMessageListenerContainer - Restarting Consumer@7b952f04: tags=[[]], channel=null, acknowledgeMode=MANUAL local queue size=0
2026-10-01 17:18:03.240 [org.springframework.amqp.rabbit.RabbitListenerEndpointContainer#0-63] [] [] INFO  o.s.a.r.c.CachingConnectionFactory - Attempting to connect to: [127.0.0.1:5672]
2026-10-01 17:18:03.241 [org.springframework.amqp.rabbit.RabbitListenerEndpointContainer#0-63] [] [] ERROR o.s.a.r.l.SimpleMessageListenerContainer - Failed to check/redeclare auto-delete queue(s).
2026-10-01 17:18:03.241 [org.springframework.amqp.rabbit.RabbitListenerEndpointContainer#0-63] [] [] INFO  o.s.a.r.c.CachingConnectionFactory - Attempting to connect to: [127.0.0.1:5672]
2026-10-01 17:18:08.364 [org.springframework.amqp.rabbit.RabbitListenerEndpointContainer#0-63] [] [] WARN  o.s.a.r.l.SimpleMessageListenerContainer - Consumer raised exception, processing can restart if the connection factory supports it. Exception summary: org.springframework.amqp.AmqpConnectException: java.net.ConnectException: Connection refused: getsockopt
2026-10-01 17:18:08.364 [org.springframework.amqp.rabbit.RabbitListenerEndpointContainer#0-63] [] [] INFO  o.s.a.r.l.SimpleMessageListenerContainer - Restarting Consumer@7df7feba: tags=[[]], channel=null, acknowledgeMode=MANUAL local queue size=0
2026-10-01 17:18:08.366 [org.springframework.amqp.rabbit.RabbitListenerEndpointContainer#0-64] [] [] INFO  o.s.a.r.c.CachingConnectionFactory - Attempting to connect to: [127.0.0.1:5672]
2026-10-01 17:18:08.367 [org.springframework.amqp.rabbit.RabbitListenerEndpointContainer#0-64] [] [] ERROR o.s.a.r.l.SimpleMessageListenerContainer - Failed to check/redeclare auto-delete queue(s).
2026-10-01 17:18:08.368 [org.springframework.amqp.rabbit.RabbitListenerEndpointContainer#0-64] [] [] INFO  o.s.a.r.c.CachingConnectionFactory - Attempting to connect to: [127.0.0.1:5672]
2026-10-01 17:18:13.472 [org.springframework.amqp.rabbit.RabbitListenerEndpointContainer#0-64] [] [] WARN  o.s.a.r.l.SimpleMessageListenerContainer - Consumer raised exception, processing can restart if the connection factory supports it. Exception summary: org.springframework.amqp.AmqpConnectException: java.net.ConnectException: Connection refused: getsockopt
2026-10-01 17:18:13.472 [org.springframework.amqp.rabbit.RabbitListenerEndpointContainer#0-64] [] [] INFO  o.s.a.r.l.SimpleMessageListenerContainer - Restarting Consumer@7610e030: tags=[[]], channel=null, acknowledgeMode=MANUAL local queue size=0
2026-10-01 17:18:13.475 [org.springframework.amqp.rabbit.RabbitListenerEndpointContainer#0-65] [] [] INFO  o.s.a.r.c.CachingConnectionFactory - Attempting to connect to: [127.0.0.1:5672]
2026-10-01 17:18:13.476 [org.springframework.amqp.rabbit.RabbitListenerEndpointContainer#0-65] [] [] ERROR o.s.a.r.l.SimpleMessageListenerContainer - Failed to check/redeclare auto-delete queue(s).
2026-10-01 17:18:13.477 [org.springframework.amqp.rabbit.RabbitListenerEndpointContainer#0-65] [] [] INFO  o.s.a.r.c.CachingConnectionFactory - Attempting to connect to: [127.0.0.1:5672]
2026-10-01 17:18:18.595 [org.springframework.amqp.rabbit.RabbitListenerEndpointContainer#0-65] [] [] WARN  o.s.a.r.l.SimpleMessageListenerContainer - Consumer raised exception, processing can restart if the connection factory supports it. Exception summary: org.springframework.amqp.AmqpConnectException: java.net.ConnectException: Connection refused: getsockopt
2026-10-01 17:18:18.595 [org.springframework.amqp.rabbit.RabbitListenerEndpointContainer#0-65] [] [] INFO  o.s.a.r.l.SimpleMessageListenerContainer - Restarting Consumer@376f47b0: tags=[[]], channel=null, acknowledgeMode=MANUAL local queue size=0
2026-10-01 17:18:18.598 [org.springframework.amqp.rabbit.RabbitListenerEndpointContainer#0-66] [] [] INFO  o.s.a.r.c.CachingConnectionFactory - Attempting to connect to: [127.0.0.1:5672]
2026-10-01 17:18:18.599 [org.springframework.amqp.rabbit.RabbitListenerEndpointContainer#0-66] [] [] ERROR o.s.a.r.l.SimpleMessageListenerContainer - Failed to check/redeclare auto-delete queue(s).
2026-10-01 17:18:18.600 [org.springframework.amqp.rabbit.RabbitListenerEndpointContainer#0-66] [] [] INFO  o.s.a.r.c.CachingConnectionFactory - Attempting to connect to: [127.0.0.1:5672]
2026-10-01 17:18:23.724 [org.springframework.amqp.rabbit.RabbitListenerEndpointContainer#0-66] [] [] WARN  o.s.a.r.l.SimpleMessageListenerContainer - Consumer raised exception, processing can restart if the connection factory supports it. Exception summary: org.springframework.amqp.AmqpConnectException: java.net.ConnectException: Connection refused: getsockopt
2026-10-01 17:18:23.725 [org.springframework.amqp.rabbit.RabbitListenerEndpointContainer#0-66] [] [] INFO  o.s.a.r.l.SimpleMessageListenerContainer - Restarting Consumer@44736c0a: tags=[[]], channel=null, acknowledgeMode=MANUAL local queue size=0
2026-10-01 17:18:23.728 [org.springframework.amqp.rabbit.RabbitListenerEndpointContainer#0-67] [] [] INFO  o.s.a.r.c.CachingConnectionFactory - Attempting to connect to: [127.0.0.1:5672]
2026-10-01 17:18:23.730 [org.springframework.amqp.rabbit.RabbitListenerEndpointContainer#0-67] [] [] ERROR o.s.a.r.l.SimpleMessageListenerContainer - Failed to check/redeclare auto-delete queue(s).
2026-10-01 17:18:23.730 [org.springframework.amqp.rabbit.RabbitListenerEndpointContainer#0-67] [] [] INFO  o.s.a.r.c.CachingConnectionFactory - Attempting to connect to: [127.0.0.1:5672]
2026-10-01 17:18:28.875 [org.springframework.amqp.rabbit.RabbitListenerEndpointContainer#0-67] [] [] WARN  o.s.a.r.l.SimpleMessageListenerContainer - Consumer raised exception, processing can restart if the connection factory supports it. Exception summary: org.springframework.amqp.AmqpConnectException: java.net.ConnectException: Connection refused: getsockopt
2026-10-01 17:18:28.875 [org.springframework.amqp.rabbit.RabbitListenerEndpointContainer#0-67] [] [] INFO  o.s.a.r.l.SimpleMessageListenerContainer - Restarting Consumer@2563cb95: tags=[[]], channel=null, acknowledgeMode=MANUAL local queue size=0
2026-10-01 17:18:28.879 [org.springframework.amqp.rabbit.RabbitListenerEndpointContainer#0-68] [] [] INFO  o.s.a.r.c.CachingConnectionFactory - Attempting to connect to: [127.0.0.1:5672]
2026-10-01 17:18:28.905 [org.springframework.amqp.rabbit.RabbitListenerEndpointContainer#0-68] [] [] ERROR o.s.a.r.l.SimpleMessageListenerContainer - Failed to check/redeclare auto-delete queue(s).
2026-10-01 17:18:28.905 [org.springframework.amqp.rabbit.RabbitListenerEndpointContainer#0-68] [] [] INFO  o.s.a.r.c.CachingConnectionFactory - Attempting to connect to: [127.0.0.1:5672]
2026-10-01 17:18:34.019 [org.springframework.amqp.rabbit.RabbitListenerEndpointContainer#0-68] [] [] WARN  o.s.a.r.l.SimpleMessageListenerContainer - Consumer raised exception, processing can restart if the connection factory supports it. Exception summary: org.springframework.amqp.AmqpConnectException: java.net.ConnectException: Connection refused: getsockopt
2026-10-01 17:18:34.019 [org.springframework.amqp.rabbit.RabbitListenerEndpointContainer#0-68] [] [] INFO  o.s.a.r.l.SimpleMessageListenerContainer - Restarting Consumer@3da1e8a2: tags=[[]], channel=null, acknowledgeMode=MANUAL local queue size=0
2026-10-01 17:18:34.021 [org.springframework.amqp.rabbit.RabbitListenerEndpointContainer#0-69] [] [] INFO  o.s.a.r.c.CachingConnectionFactory - Attempting to connect to: [127.0.0.1:5672]
2026-10-01 17:18:34.022 [org.springframework.amqp.rabbit.RabbitListenerEndpointContainer#0-69] [] [] ERROR o.s.a.r.l.SimpleMessageListenerContainer - Failed to check/redeclare auto-delete queue(s).
2026-10-01 17:18:34.022 [org.springframework.amqp.rabbit.RabbitListenerEndpointContainer#0-69] [] [] INFO  o.s.a.r.c.CachingConnectionFactory - Attempting to connect to: [127.0.0.1:5672]
2026-10-01 17:18:39.117 [org.springframework.amqp.rabbit.RabbitListenerEndpointContainer#0-69] [] [] WARN  o.s.a.r.l.SimpleMessageListenerContainer - Consumer raised exception, processing can restart if the connection factory supports it. Exception summary: org.springframework.amqp.AmqpConnectException: java.net.ConnectException: Connection refused: getsockopt
2026-10-01 17:18:39.117 [org.springframework.amqp.rabbit.RabbitListenerEndpointContainer#0-69] [] [] INFO  o.s.a.r.l.SimpleMessageListenerContainer - Restarting Consumer@7c70f259: tags=[[]], channel=null, acknowledgeMode=MANUAL local queue size=0
2026-10-01 17:18:39.119 [org.springframework.amqp.rabbit.RabbitListenerEndpointContainer#0-70] [] [] INFO  o.s.a.r.c.CachingConnectionFactory - Attempting to connect to: [127.0.0.1:5672]
2026-10-01 17:18:39.121 [org.springframework.amqp.rabbit.RabbitListenerEndpointContainer#0-70] [] [] ERROR o.s.a.r.l.SimpleMessageListenerContainer - Failed to check/redeclare auto-delete queue(s).
2026-10-01 17:18:39.121 [org.springframework.amqp.rabbit.RabbitListenerEndpointContainer#0-70] [] [] INFO  o.s.a.r.c.CachingConnectionFactory - Attempting to connect to: [127.0.0.1:5672]
2026-10-01 17:18:44.229 [org.springframework.amqp.rabbit.RabbitListenerEndpointContainer#0-70] [] [] WARN  o.s.a.r.l.SimpleMessageListenerContainer - Consumer raised exception, processing can restart if the connection factory supports it. Exception summary: org.springframework.amqp.AmqpConnectException: java.net.ConnectException: Connection refused: getsockopt
2026-10-01 17:18:44.229 [org.springframework.amqp.rabbit.RabbitListenerEndpointContainer#0-70] [] [] INFO  o.s.a.r.l.SimpleMessageListenerContainer - Restarting Consumer@256221c5: tags=[[]], channel=null, acknowledgeMode=MANUAL local queue size=0
2026-10-01 17:18:44.231 [org.springframework.amqp.rabbit.RabbitListenerEndpointContainer#0-71] [] [] INFO  o.s.a.r.c.CachingConnectionFactory - Attempting to connect to: [127.0.0.1:5672]
2026-10-01 17:18:44.233 [org.springframework.amqp.rabbit.RabbitListenerEndpointContainer#0-71] [] [] ERROR o.s.a.r.l.SimpleMessageListenerContainer - Failed to check/redeclare auto-delete queue(s).
2026-10-01 17:18:44.233 [org.springframework.amqp.rabbit.RabbitListenerEndpointContainer#0-71] [] [] INFO  o.s.a.r.c.CachingConnectionFactory - Attempting to connect to: [127.0.0.1:5672]
2026-10-01 17:18:49.330 [org.springframework.amqp.rabbit.RabbitListenerEndpointContainer#0-71] [] [] WARN  o.s.a.r.l.SimpleMessageListenerContainer - Consumer raised exception, processing can restart if the connection factory supports it. Exception summary: org.springframework.amqp.AmqpConnectException: java.net.ConnectException: Connection refused: getsockopt
2026-10-01 17:18:49.330 [org.springframework.amqp.rabbit.RabbitListenerEndpointContainer#0-71] [] [] INFO  o.s.a.r.l.SimpleMessageListenerContainer - Restarting Consumer@2dd2b676: tags=[[]], channel=null, acknowledgeMode=MANUAL local queue size=0
2026-10-01 17:18:49.332 [org.springframework.amqp.rabbit.RabbitListenerEndpointContainer#0-72] [] [] INFO  o.s.a.r.c.CachingConnectionFactory - Attempting to connect to: [127.0.0.1:5672]
2026-10-01 17:18:49.333 [org.springframework.amqp.rabbit.RabbitListenerEndpointContainer#0-72] [] [] ERROR o.s.a.r.l.SimpleMessageListenerContainer - Failed to check/redeclare auto-delete queue(s).
2026-10-01 17:18:49.333 [org.springframework.amqp.rabbit.RabbitListenerEndpointContainer#0-72] [] [] INFO  o.s.a.r.c.CachingConnectionFactory - Attempting to connect to: [127.0.0.1:5672]
2026-10-01 17:18:54.419 [org.springframework.amqp.rabbit.RabbitListenerEndpointContainer#0-72] [] [] WARN  o.s.a.r.l.SimpleMessageListenerContainer - Consumer raised exception, processing can restart if the connection factory supports it. Exception summary: org.springframework.amqp.AmqpConnectException: java.net.ConnectException: Connection refused: getsockopt
2026-10-01 17:18:54.420 [org.springframework.amqp.rabbit.RabbitListenerEndpointContainer#0-72] [] [] INFO  o.s.a.r.l.SimpleMessageListenerContainer - Restarting Consumer@3f3c9497: tags=[[]], channel=null, acknowledgeMode=MANUAL local queue size=0
2026-10-01 17:18:54.429 [org.springframework.amqp.rabbit.RabbitListenerEndpointContainer#0-73] [] [] INFO  o.s.a.r.c.CachingConnectionFactory - Attempting to connect to: [127.0.0.1:5672]
2026-10-01 17:18:54.430 [org.springframework.amqp.rabbit.RabbitListenerEndpointContainer#0-73] [] [] ERROR o.s.a.r.l.SimpleMessageListenerContainer - Failed to check/redeclare auto-delete queue(s).
2026-10-01 17:18:54.431 [org.springframework.amqp.rabbit.RabbitListenerEndpointContainer#0-73] [] [] INFO  o.s.a.r.c.CachingConnectionFactory - Attempting to connect to: [127.0.0.1:5672]
2026-10-01 17:18:59.547 [org.springframework.amqp.rabbit.RabbitListenerEndpointContainer#0-73] [] [] WARN  o.s.a.r.l.SimpleMessageListenerContainer - Consumer raised exception, processing can restart if the connection factory supports it. Exception summary: org.springframework.amqp.AmqpConnectException: java.net.ConnectException: Connection refused: getsockopt
2026-10-01 17:18:59.547 [org.springframework.amqp.rabbit.RabbitListenerEndpointContainer#0-73] [] [] INFO  o.s.a.r.l.SimpleMessageListenerContainer - Restarting Consumer@1c3b6bd2: tags=[[]], channel=null, acknowledgeMode=MANUAL local queue size=0
2026-10-01 17:18:59.551 [org.springframework.amqp.rabbit.RabbitListenerEndpointContainer#0-74] [] [] INFO  o.s.a.r.c.CachingConnectionFactory - Attempting to connect to: [127.0.0.1:5672]
2026-10-01 17:18:59.553 [org.springframework.amqp.rabbit.RabbitListenerEndpointContainer#0-74] [] [] ERROR o.s.a.r.l.SimpleMessageListenerContainer - Failed to check/redeclare auto-delete queue(s).
2026-10-01 17:18:59.553 [org.springframework.amqp.rabbit.RabbitListenerEndpointContainer#0-74] [] [] INFO  o.s.a.r.c.CachingConnectionFactory - Attempting to connect to: [127.0.0.1:5672]
2026-10-01 17:19:04.696 [org.springframework.amqp.rabbit.RabbitListenerEndpointContainer#0-74] [] [] WARN  o.s.a.r.l.SimpleMessageListenerContainer - Consumer raised exception, processing can restart if the connection factory supports it. Exception summary: org.springframework.amqp.AmqpConnectException: java.net.ConnectException: Connection refused: getsockopt
2026-10-01 17:19:04.698 [org.springframework.amqp.rabbit.RabbitListenerEndpointContainer#0-74] [] [] INFO  o.s.a.r.l.SimpleMessageListenerContainer - Restarting Consumer@2dc2bbb8: tags=[[]], channel=null, acknowledgeMode=MANUAL local queue size=0
2026-10-01 17:19:04.700 [org.springframework.amqp.rabbit.RabbitListenerEndpointContainer#0-75] [] [] INFO  o.s.a.r.c.CachingConnectionFactory - Attempting to connect to: [127.0.0.1:5672]
2026-10-01 17:19:04.702 [org.springframework.amqp.rabbit.RabbitListenerEndpointContainer#0-75] [] [] ERROR o.s.a.r.l.SimpleMessageListenerContainer - Failed to check/redeclare auto-delete queue(s).
2026-10-01 17:19:04.702 [org.springframework.amqp.rabbit.RabbitListenerEndpointContainer#0-75] [] [] INFO  o.s.a.r.c.CachingConnectionFactory - Attempting to connect to: [127.0.0.1:5672]
2026-10-01 17:19:09.829 [org.springframework.amqp.rabbit.RabbitListenerEndpointContainer#0-75] [] [] WARN  o.s.a.r.l.SimpleMessageListenerContainer - Consumer raised exception, processing can restart if the connection factory supports it. Exception summary: org.springframework.amqp.AmqpConnectException: java.net.ConnectException: Connection refused: getsockopt
2026-10-01 17:19:09.830 [org.springframework.amqp.rabbit.RabbitListenerEndpointContainer#0-75] [] [] INFO  o.s.a.r.l.SimpleMessageListenerContainer - Restarting Consumer@5ba92aad: tags=[[]], channel=null, acknowledgeMode=MANUAL local queue size=0
2026-10-01 17:19:09.832 [org.springframework.amqp.rabbit.RabbitListenerEndpointContainer#0-76] [] [] INFO  o.s.a.r.c.CachingConnectionFactory - Attempting to connect to: [127.0.0.1:5672]
2026-10-01 17:19:09.833 [org.springframework.amqp.rabbit.RabbitListenerEndpointContainer#0-76] [] [] ERROR o.s.a.r.l.SimpleMessageListenerContainer - Failed to check/redeclare auto-delete queue(s).
2026-10-01 17:19:09.834 [org.springframework.amqp.rabbit.RabbitListenerEndpointContainer#0-76] [] [] INFO  o.s.a.r.c.CachingConnectionFactory - Attempting to connect to: [127.0.0.1:5672]
2026-10-01 17:19:14.972 [org.springframework.amqp.rabbit.RabbitListenerEndpointContainer#0-76] [] [] WARN  o.s.a.r.l.SimpleMessageListenerContainer - Consumer raised exception, processing can restart if the connection factory supports it. Exception summary: org.springframework.amqp.AmqpConnectException: java.net.ConnectException: Connection refused: getsockopt
2026-10-01 17:19:14.973 [org.springframework.amqp.rabbit.RabbitListenerEndpointContainer#0-76] [] [] INFO  o.s.a.r.l.SimpleMessageListenerContainer - Restarting Consumer@3f4559c0: tags=[[]], channel=null, acknowledgeMode=MANUAL local queue size=0
2026-10-01 17:19:14.975 [org.springframework.amqp.rabbit.RabbitListenerEndpointContainer#0-77] [] [] INFO  o.s.a.r.c.CachingConnectionFactory - Attempting to connect to: [127.0.0.1:5672]
2026-10-01 17:19:14.978 [org.springframework.amqp.rabbit.RabbitListenerEndpointContainer#0-77] [] [] ERROR o.s.a.r.l.SimpleMessageListenerContainer - Failed to check/redeclare auto-delete queue(s).
2026-10-01 17:19:14.978 [org.springframework.amqp.rabbit.RabbitListenerEndpointContainer#0-77] [] [] INFO  o.s.a.r.c.CachingConnectionFactory - Attempting to connect to: [127.0.0.1:5672]
2026-10-01 17:19:20.087 [org.springframework.amqp.rabbit.RabbitListenerEndpointContainer#0-77] [] [] WARN  o.s.a.r.l.SimpleMessageListenerContainer - Consumer raised exception, processing can restart if the connection factory supports it. Exception summary: org.springframework.amqp.AmqpConnectException: java.net.ConnectException: Connection refused: getsockopt
2026-10-01 17:19:20.088 [org.springframework.amqp.rabbit.RabbitListenerEndpointContainer#0-77] [] [] INFO  o.s.a.r.l.SimpleMessageListenerContainer - Restarting Consumer@49bea0d4: tags=[[]], channel=null, acknowledgeMode=MANUAL local queue size=0
2026-10-01 17:19:20.090 [org.springframework.amqp.rabbit.RabbitListenerEndpointContainer#0-78] [] [] INFO  o.s.a.r.c.CachingConnectionFactory - Attempting to connect to: [127.0.0.1:5672]
2026-10-01 17:19:20.091 [org.springframework.amqp.rabbit.RabbitListenerEndpointContainer#0-78] [] [] ERROR o.s.a.r.l.SimpleMessageListenerContainer - Failed to check/redeclare auto-delete queue(s).
2026-10-01 17:19:20.092 [org.springframework.amqp.rabbit.RabbitListenerEndpointContainer#0-78] [] [] INFO  o.s.a.r.c.CachingConnectionFactory - Attempting to connect to: [127.0.0.1:5672]
2026-10-01 17:19:25.264 [org.springframework.amqp.rabbit.RabbitListenerEndpointContainer#0-78] [] [] WARN  o.s.a.r.l.SimpleMessageListenerContainer - Consumer raised exception, processing can restart if the connection factory supports it. Exception summary: org.springframework.amqp.AmqpConnectException: java.net.ConnectException: Connection refused: getsockopt
2026-10-01 17:19:25.264 [org.springframework.amqp.rabbit.RabbitListenerEndpointContainer#0-78] [] [] INFO  o.s.a.r.l.SimpleMessageListenerContainer - Restarting Consumer@4a9e0448: tags=[[]], channel=null, acknowledgeMode=MANUAL local queue size=0
2026-10-01 17:19:25.266 [org.springframework.amqp.rabbit.RabbitListenerEndpointContainer#0-79] [] [] INFO  o.s.a.r.c.CachingConnectionFactory - Attempting to connect to: [127.0.0.1:5672]
2026-10-01 17:19:25.267 [org.springframework.amqp.rabbit.RabbitListenerEndpointContainer#0-79] [] [] ERROR o.s.a.r.l.SimpleMessageListenerContainer - Failed to check/redeclare auto-delete queue(s).
2026-10-01 17:19:25.267 [org.springframework.amqp.rabbit.RabbitListenerEndpointContainer#0-79] [] [] INFO  o.s.a.r.c.CachingConnectionFactory - Attempting to connect to: [127.0.0.1:5672]
2026-10-01 17:19:30.401 [org.springframework.amqp.rabbit.RabbitListenerEndpointContainer#0-79] [] [] WARN  o.s.a.r.l.SimpleMessageListenerContainer - Consumer raised exception, processing can restart if the connection factory supports it. Exception summary: org.springframework.amqp.AmqpConnectException: java.net.ConnectException: Connection refused: getsockopt
2026-10-01 17:19:30.402 [org.springframework.amqp.rabbit.RabbitListenerEndpointContainer#0-79] [] [] INFO  o.s.a.r.l.SimpleMessageListenerContainer - Restarting Consumer@77f2d0d5: tags=[[]], channel=null, acknowledgeMode=MANUAL local queue size=0
2026-10-01 17:19:30.404 [org.springframework.amqp.rabbit.RabbitListenerEndpointContainer#0-80] [] [] INFO  o.s.a.r.c.CachingConnectionFactory - Attempting to connect to: [127.0.0.1:5672]
2026-10-01 17:19:30.417 [org.springframework.amqp.rabbit.RabbitListenerEndpointContainer#0-80] [] [] ERROR o.s.a.r.l.SimpleMessageListenerContainer - Failed to check/redeclare auto-delete queue(s).
2026-10-01 17:19:30.418 [org.springframework.amqp.rabbit.RabbitListenerEndpointContainer#0-80] [] [] INFO  o.s.a.r.c.CachingConnectionFactory - Attempting to connect to: [127.0.0.1:5672]
2026-10-01 17:19:35.538 [org.springframework.amqp.rabbit.RabbitListenerEndpointContainer#0-80] [] [] WARN  o.s.a.r.l.SimpleMessageListenerContainer - Consumer raised exception, processing can restart if the connection factory supports it. Exception summary: org.springframework.amqp.AmqpConnectException: java.net.ConnectException: Connection refused: getsockopt
2026-10-01 17:19:35.539 [org.springframework.amqp.rabbit.RabbitListenerEndpointContainer#0-80] [] [] INFO  o.s.a.r.l.SimpleMessageListenerContainer - Restarting Consumer@3a5263df: tags=[[]], channel=null, acknowledgeMode=MANUAL local queue size=0
2026-10-01 17:19:35.542 [org.springframework.amqp.rabbit.RabbitListenerEndpointContainer#0-81] [] [] INFO  o.s.a.r.c.CachingConnectionFactory - Attempting to connect to: [127.0.0.1:5672]
2026-10-01 17:19:35.544 [org.springframework.amqp.rabbit.RabbitListenerEndpointContainer#0-81] [] [] ERROR o.s.a.r.l.SimpleMessageListenerContainer - Failed to check/redeclare auto-delete queue(s).
2026-10-01 17:19:35.544 [org.springframework.amqp.rabbit.RabbitListenerEndpointContainer#0-81] [] [] INFO  o.s.a.r.c.CachingConnectionFactory - Attempting to connect to: [127.0.0.1:5672]
2026-10-01 17:19:40.663 [org.springframework.amqp.rabbit.RabbitListenerEndpointContainer#0-81] [] [] WARN  o.s.a.r.l.SimpleMessageListenerContainer - Consumer raised exception, processing can restart if the connection factory supports it. Exception summary: org.springframework.amqp.AmqpConnectException: java.net.ConnectException: Connection refused: getsockopt
2026-10-01 17:19:40.663 [org.springframework.amqp.rabbit.RabbitListenerEndpointContainer#0-81] [] [] INFO  o.s.a.r.l.SimpleMessageListenerContainer - Restarting Consumer@708f564f: tags=[[]], channel=null, acknowledgeMode=MANUAL local queue size=0
2026-10-01 17:19:40.666 [org.springframework.amqp.rabbit.RabbitListenerEndpointContainer#0-82] [] [] INFO  o.s.a.r.c.CachingConnectionFactory - Attempting to connect to: [127.0.0.1:5672]
2026-10-01 17:19:40.668 [org.springframework.amqp.rabbit.RabbitListenerEndpointContainer#0-82] [] [] ERROR o.s.a.r.l.SimpleMessageListenerContainer - Failed to check/redeclare auto-delete queue(s).
2026-10-01 17:19:40.668 [org.springframework.amqp.rabbit.RabbitListenerEndpointContainer#0-82] [] [] INFO  o.s.a.r.c.CachingConnectionFactory - Attempting to connect to: [127.0.0.1:5672]
2026-10-01 17:19:45.795 [org.springframework.amqp.rabbit.RabbitListenerEndpointContainer#0-82] [] [] WARN  o.s.a.r.l.SimpleMessageListenerContainer - Consumer raised exception, processing can restart if the connection factory supports it. Exception summary: org.springframework.amqp.AmqpConnectException: java.net.ConnectException: Connection refused: getsockopt
2026-10-01 17:19:45.796 [org.springframework.amqp.rabbit.RabbitListenerEndpointContainer#0-82] [] [] INFO  o.s.a.r.l.SimpleMessageListenerContainer - Restarting Consumer@46a9a62e: tags=[[]], channel=null, acknowledgeMode=MANUAL local queue size=0
2026-10-01 17:19:45.799 [org.springframework.amqp.rabbit.RabbitListenerEndpointContainer#0-83] [] [] INFO  o.s.a.r.c.CachingConnectionFactory - Attempting to connect to: [127.0.0.1:5672]
2026-10-01 17:19:45.800 [org.springframework.amqp.rabbit.RabbitListenerEndpointContainer#0-83] [] [] ERROR o.s.a.r.l.SimpleMessageListenerContainer - Failed to check/redeclare auto-delete queue(s).
2026-10-01 17:19:45.801 [org.springframework.amqp.rabbit.RabbitListenerEndpointContainer#0-83] [] [] INFO  o.s.a.r.c.CachingConnectionFactory - Attempting to connect to: [127.0.0.1:5672]
2026-10-01 17:19:50.985 [org.springframework.amqp.rabbit.RabbitListenerEndpointContainer#0-83] [] [] WARN  o.s.a.r.l.SimpleMessageListenerContainer - Consumer raised exception, processing can restart if the connection factory supports it. Exception summary: org.springframework.amqp.AmqpConnectException: java.net.ConnectException: Connection refused: getsockopt
2026-10-01 17:19:50.985 [org.springframework.amqp.rabbit.RabbitListenerEndpointContainer#0-83] [] [] INFO  o.s.a.r.l.SimpleMessageListenerContainer - Restarting Consumer@408c9972: tags=[[]], channel=null, acknowledgeMode=MANUAL local queue size=0
2026-10-01 17:19:50.988 [org.springframework.amqp.rabbit.RabbitListenerEndpointContainer#0-84] [] [] INFO  o.s.a.r.c.CachingConnectionFactory - Attempting to connect to: [127.0.0.1:5672]
2026-10-01 17:19:50.989 [org.springframework.amqp.rabbit.RabbitListenerEndpointContainer#0-84] [] [] ERROR o.s.a.r.l.SimpleMessageListenerContainer - Failed to check/redeclare auto-delete queue(s).
2026-10-01 17:19:50.990 [org.springframework.amqp.rabbit.RabbitListenerEndpointContainer#0-84] [] [] INFO  o.s.a.r.c.CachingConnectionFactory - Attempting to connect to: [127.0.0.1:5672]
2026-10-01 17:19:56.144 [org.springframework.amqp.rabbit.RabbitListenerEndpointContainer#0-84] [] [] WARN  o.s.a.r.l.SimpleMessageListenerContainer - Consumer raised exception, processing can restart if the connection factory supports it. Exception summary: org.springframework.amqp.AmqpConnectException: java.net.ConnectException: Connection refused: getsockopt
2026-10-01 17:19:56.144 [org.springframework.amqp.rabbit.RabbitListenerEndpointContainer#0-84] [] [] INFO  o.s.a.r.l.SimpleMessageListenerContainer - Restarting Consumer@257af43a: tags=[[]], channel=null, acknowledgeMode=MANUAL local queue size=0
2026-10-01 17:19:56.147 [org.springframework.amqp.rabbit.RabbitListenerEndpointContainer#0-85] [] [] INFO  o.s.a.r.c.CachingConnectionFactory - Attempting to connect to: [127.0.0.1:5672]
2026-10-01 17:19:56.148 [org.springframework.amqp.rabbit.RabbitListenerEndpointContainer#0-85] [] [] ERROR o.s.a.r.l.SimpleMessageListenerContainer - Failed to check/redeclare auto-delete queue(s).
2026-10-01 17:19:56.148 [org.springframework.amqp.rabbit.RabbitListenerEndpointContainer#0-85] [] [] INFO  o.s.a.r.c.CachingConnectionFactory - Attempting to connect to: [127.0.0.1:5672]
2026-10-01 17:20:01.309 [org.springframework.amqp.rabbit.RabbitListenerEndpointContainer#0-85] [] [] WARN  o.s.a.r.l.SimpleMessageListenerContainer - Consumer raised exception, processing can restart if the connection factory supports it. Exception summary: org.springframework.amqp.AmqpConnectException: java.net.ConnectException: Connection refused: getsockopt
2026-10-01 17:20:01.310 [org.springframework.amqp.rabbit.RabbitListenerEndpointContainer#0-85] [] [] INFO  o.s.a.r.l.SimpleMessageListenerContainer - Restarting Consumer@f92ab51: tags=[[]], channel=null, acknowledgeMode=MANUAL local queue size=0
2026-10-01 17:20:01.313 [org.springframework.amqp.rabbit.RabbitListenerEndpointContainer#0-86] [] [] INFO  o.s.a.r.c.CachingConnectionFactory - Attempting to connect to: [127.0.0.1:5672]
2026-10-01 17:20:01.325 [org.springframework.amqp.rabbit.RabbitListenerEndpointContainer#0-86] [] [] ERROR o.s.a.r.l.SimpleMessageListenerContainer - Failed to check/redeclare auto-delete queue(s).
2026-10-01 17:20:01.325 [org.springframework.amqp.rabbit.RabbitListenerEndpointContainer#0-86] [] [] INFO  o.s.a.r.c.CachingConnectionFactory - Attempting to connect to: [127.0.0.1:5672]
2026-10-01 17:20:06.411 [org.springframework.amqp.rabbit.RabbitListenerEndpointContainer#0-86] [] [] WARN  o.s.a.r.l.SimpleMessageListenerContainer - Consumer raised exception, processing can restart if the connection factory supports it. Exception summary: org.springframework.amqp.AmqpConnectException: java.net.ConnectException: Connection refused: getsockopt
2026-10-01 17:20:06.412 [org.springframework.amqp.rabbit.RabbitListenerEndpointContainer#0-86] [] [] INFO  o.s.a.r.l.SimpleMessageListenerContainer - Restarting Consumer@3db28d72: tags=[[]], channel=null, acknowledgeMode=MANUAL local queue size=0
2026-10-01 17:20:06.414 [org.springframework.amqp.rabbit.RabbitListenerEndpointContainer#0-87] [] [] INFO  o.s.a.r.c.CachingConnectionFactory - Attempting to connect to: [127.0.0.1:5672]
2026-10-01 17:20:06.427 [org.springframework.amqp.rabbit.RabbitListenerEndpointContainer#0-87] [] [] ERROR o.s.a.r.l.SimpleMessageListenerContainer - Failed to check/redeclare auto-delete queue(s).
2026-10-01 17:20:06.427 [org.springframework.amqp.rabbit.RabbitListenerEndpointContainer#0-87] [] [] INFO  o.s.a.r.c.CachingConnectionFactory - Attempting to connect to: [127.0.0.1:5672]
2026-10-01 17:20:11.612 [org.springframework.amqp.rabbit.RabbitListenerEndpointContainer#0-87] [] [] WARN  o.s.a.r.l.SimpleMessageListenerContainer - Consumer raised exception, processing can restart if the connection factory supports it. Exception summary: org.springframework.amqp.AmqpConnectException: java.net.ConnectException: Connection refused: getsockopt
2026-10-01 17:20:11.613 [org.springframework.amqp.rabbit.RabbitListenerEndpointContainer#0-87] [] [] INFO  o.s.a.r.l.SimpleMessageListenerContainer - Restarting Consumer@42f765dc: tags=[[]], channel=null, acknowledgeMode=MANUAL local queue size=0
2026-10-01 17:20:11.615 [org.springframework.amqp.rabbit.RabbitListenerEndpointContainer#0-88] [] [] INFO  o.s.a.r.c.CachingConnectionFactory - Attempting to connect to: [127.0.0.1:5672]
2026-10-01 17:20:11.616 [org.springframework.amqp.rabbit.RabbitListenerEndpointContainer#0-88] [] [] ERROR o.s.a.r.l.SimpleMessageListenerContainer - Failed to check/redeclare auto-delete queue(s).
2026-10-01 17:20:11.616 [org.springframework.amqp.rabbit.RabbitListenerEndpointContainer#0-88] [] [] INFO  o.s.a.r.c.CachingConnectionFactory - Attempting to connect to: [127.0.0.1:5672]
2026-10-01 17:20:16.716 [org.springframework.amqp.rabbit.RabbitListenerEndpointContainer#0-88] [] [] WARN  o.s.a.r.l.SimpleMessageListenerContainer - Consumer raised exception, processing can restart if the connection factory supports it. Exception summary: org.springframework.amqp.AmqpConnectException: java.net.ConnectException: Connection refused: getsockopt
2026-10-01 17:20:16.716 [org.springframework.amqp.rabbit.RabbitListenerEndpointContainer#0-88] [] [] INFO  o.s.a.r.l.SimpleMessageListenerContainer - Restarting Consumer@3cd79c5a: tags=[[]], channel=null, acknowledgeMode=MANUAL local queue size=0
2026-10-01 17:20:16.718 [org.springframework.amqp.rabbit.RabbitListenerEndpointContainer#0-89] [] [] INFO  o.s.a.r.c.CachingConnectionFactory - Attempting to connect to: [127.0.0.1:5672]
2026-10-01 17:20:16.719 [org.springframework.amqp.rabbit.RabbitListenerEndpointContainer#0-89] [] [] ERROR o.s.a.r.l.SimpleMessageListenerContainer - Failed to check/redeclare auto-delete queue(s).
2026-10-01 17:20:16.719 [org.springframework.amqp.rabbit.RabbitListenerEndpointContainer#0-89] [] [] INFO  o.s.a.r.c.CachingConnectionFactory - Attempting to connect to: [127.0.0.1:5672]
2026-10-01 17:20:21.793 [org.springframework.amqp.rabbit.RabbitListenerEndpointContainer#0-89] [] [] WARN  o.s.a.r.l.SimpleMessageListenerContainer - Consumer raised exception, processing can restart if the connection factory supports it. Exception summary: org.springframework.amqp.AmqpConnectException: java.net.ConnectException: Connection refused: getsockopt
2026-10-01 17:20:21.793 [org.springframework.amqp.rabbit.RabbitListenerEndpointContainer#0-89] [] [] INFO  o.s.a.r.l.SimpleMessageListenerContainer - Restarting Consumer@77bd01af: tags=[[]], channel=null, acknowledgeMode=MANUAL local queue size=0
2026-10-01 17:20:21.800 [org.springframework.amqp.rabbit.RabbitListenerEndpointContainer#0-90] [] [] INFO  o.s.a.r.c.CachingConnectionFactory - Attempting to connect to: [127.0.0.1:5672]
2026-10-01 17:20:21.827 [org.springframework.amqp.rabbit.RabbitListenerEndpointContainer#0-90] [] [] ERROR o.s.a.r.l.SimpleMessageListenerContainer - Failed to check/redeclare auto-delete queue(s).
2026-10-01 17:20:21.827 [org.springframework.amqp.rabbit.RabbitListenerEndpointContainer#0-90] [] [] INFO  o.s.a.r.c.CachingConnectionFactory - Attempting to connect to: [127.0.0.1:5672]
2026-10-01 17:20:26.950 [org.springframework.amqp.rabbit.RabbitListenerEndpointContainer#0-90] [] [] WARN  o.s.a.r.l.SimpleMessageListenerContainer - Consumer raised exception, processing can restart if the connection factory supports it. Exception summary: org.springframework.amqp.AmqpConnectException: java.net.ConnectException: Connection refused: getsockopt
2026-10-01 17:20:26.951 [org.springframework.amqp.rabbit.RabbitListenerEndpointContainer#0-90] [] [] INFO  o.s.a.r.l.SimpleMessageListenerContainer - Restarting Consumer@4441d5a5: tags=[[]], channel=null, acknowledgeMode=MANUAL local queue size=0
2026-10-01 17:20:26.955 [org.springframework.amqp.rabbit.RabbitListenerEndpointContainer#0-91] [] [] INFO  o.s.a.r.c.CachingConnectionFactory - Attempting to connect to: [127.0.0.1:5672]
2026-10-01 17:20:26.957 [org.springframework.amqp.rabbit.RabbitListenerEndpointContainer#0-91] [] [] ERROR o.s.a.r.l.SimpleMessageListenerContainer - Failed to check/redeclare auto-delete queue(s).
2026-10-01 17:20:26.957 [org.springframework.amqp.rabbit.RabbitListenerEndpointContainer#0-91] [] [] INFO  o.s.a.r.c.CachingConnectionFactory - Attempting to connect to: [127.0.0.1:5672]
2026-10-01 17:20:32.075 [org.springframework.amqp.rabbit.RabbitListenerEndpointContainer#0-91] [] [] WARN  o.s.a.r.l.SimpleMessageListenerContainer - Consumer raised exception, processing can restart if the connection factory supports it. Exception summary: org.springframework.amqp.AmqpConnectException: java.net.ConnectException: Connection refused: getsockopt
2026-10-01 17:20:32.075 [org.springframework.amqp.rabbit.RabbitListenerEndpointContainer#0-91] [] [] INFO  o.s.a.r.l.SimpleMessageListenerContainer - Restarting Consumer@5af96f08: tags=[[]], channel=null, acknowledgeMode=MANUAL local queue size=0
2026-10-01 17:20:32.077 [org.springframework.amqp.rabbit.RabbitListenerEndpointContainer#0-92] [] [] INFO  o.s.a.r.c.CachingConnectionFactory - Attempting to connect to: [127.0.0.1:5672]
2026-10-01 17:20:32.079 [org.springframework.amqp.rabbit.RabbitListenerEndpointContainer#0-92] [] [] ERROR o.s.a.r.l.SimpleMessageListenerContainer - Failed to check/redeclare auto-delete queue(s).
2026-10-01 17:20:32.079 [org.springframework.amqp.rabbit.RabbitListenerEndpointContainer#0-92] [] [] INFO  o.s.a.r.c.CachingConnectionFactory - Attempting to connect to: [127.0.0.1:5672]
2026-10-01 17:20:37.203 [org.springframework.amqp.rabbit.RabbitListenerEndpointContainer#0-92] [] [] WARN  o.s.a.r.l.SimpleMessageListenerContainer - Consumer raised exception, processing can restart if the connection factory supports it. Exception summary: org.springframework.amqp.AmqpConnectException: java.net.ConnectException: Connection refused: getsockopt
2026-10-01 17:20:37.205 [org.springframework.amqp.rabbit.RabbitListenerEndpointContainer#0-92] [] [] INFO  o.s.a.r.l.SimpleMessageListenerContainer - Restarting Consumer@461f35c1: tags=[[]], channel=null, acknowledgeMode=MANUAL local queue size=0
2026-10-01 17:20:37.207 [org.springframework.amqp.rabbit.RabbitListenerEndpointContainer#0-93] [] [] INFO  o.s.a.r.c.CachingConnectionFactory - Attempting to connect to: [127.0.0.1:5672]
2026-10-01 17:20:37.208 [org.springframework.amqp.rabbit.RabbitListenerEndpointContainer#0-93] [] [] ERROR o.s.a.r.l.SimpleMessageListenerContainer - Failed to check/redeclare auto-delete queue(s).
2026-10-01 17:20:37.209 [org.springframework.amqp.rabbit.RabbitListenerEndpointContainer#0-93] [] [] INFO  o.s.a.r.c.CachingConnectionFactory - Attempting to connect to: [127.0.0.1:5672]
2026-10-01 17:20:42.358 [org.springframework.amqp.rabbit.RabbitListenerEndpointContainer#0-93] [] [] WARN  o.s.a.r.l.SimpleMessageListenerContainer - Consumer raised exception, processing can restart if the connection factory supports it. Exception summary: org.springframework.amqp.AmqpConnectException: java.net.ConnectException: Connection refused: getsockopt
2026-10-01 17:20:42.359 [org.springframework.amqp.rabbit.RabbitListenerEndpointContainer#0-93] [] [] INFO  o.s.a.r.l.SimpleMessageListenerContainer - Restarting Consumer@69bb20b5: tags=[[]], channel=null, acknowledgeMode=MANUAL local queue size=0
2026-10-01 17:20:42.361 [org.springframework.amqp.rabbit.RabbitListenerEndpointContainer#0-94] [] [] INFO  o.s.a.r.c.CachingConnectionFactory - Attempting to connect to: [127.0.0.1:5672]
2026-10-01 17:20:42.362 [org.springframework.amqp.rabbit.RabbitListenerEndpointContainer#0-94] [] [] ERROR o.s.a.r.l.SimpleMessageListenerContainer - Failed to check/redeclare auto-delete queue(s).
2026-10-01 17:20:42.362 [org.springframework.amqp.rabbit.RabbitListenerEndpointContainer#0-94] [] [] INFO  o.s.a.r.c.CachingConnectionFactory - Attempting to connect to: [127.0.0.1:5672]
2026-10-01 17:20:47.521 [org.springframework.amqp.rabbit.RabbitListenerEndpointContainer#0-94] [] [] WARN  o.s.a.r.l.SimpleMessageListenerContainer - Consumer raised exception, processing can restart if the connection factory supports it. Exception summary: org.springframework.amqp.AmqpConnectException: java.net.ConnectException: Connection refused: getsockopt
2026-10-01 17:20:47.522 [org.springframework.amqp.rabbit.RabbitListenerEndpointContainer#0-94] [] [] INFO  o.s.a.r.l.SimpleMessageListenerContainer - Restarting Consumer@55f34c7e: tags=[[]], channel=null, acknowledgeMode=MANUAL local queue size=0
2026-10-01 17:20:47.524 [org.springframework.amqp.rabbit.RabbitListenerEndpointContainer#0-95] [] [] INFO  o.s.a.r.c.CachingConnectionFactory - Attempting to connect to: [127.0.0.1:5672]
2026-10-01 17:20:47.525 [org.springframework.amqp.rabbit.RabbitListenerEndpointContainer#0-95] [] [] ERROR o.s.a.r.l.SimpleMessageListenerContainer - Failed to check/redeclare auto-delete queue(s).
2026-10-01 17:20:47.525 [org.springframework.amqp.rabbit.RabbitListenerEndpointContainer#0-95] [] [] INFO  o.s.a.r.c.CachingConnectionFactory - Attempting to connect to: [127.0.0.1:5672]
2026-10-01 17:20:52.647 [org.springframework.amqp.rabbit.RabbitListenerEndpointContainer#0-95] [] [] WARN  o.s.a.r.l.SimpleMessageListenerContainer - Consumer raised exception, processing can restart if the connection factory supports it. Exception summary: org.springframework.amqp.AmqpConnectException: java.net.ConnectException: Connection refused: getsockopt
2026-10-01 17:20:52.647 [org.springframework.amqp.rabbit.RabbitListenerEndpointContainer#0-95] [] [] INFO  o.s.a.r.l.SimpleMessageListenerContainer - Restarting Consumer@408c20e1: tags=[[]], channel=null, acknowledgeMode=MANUAL local queue size=0
2026-10-01 17:20:52.649 [org.springframework.amqp.rabbit.RabbitListenerEndpointContainer#0-96] [] [] INFO  o.s.a.r.c.CachingConnectionFactory - Attempting to connect to: [127.0.0.1:5672]
2026-10-01 17:20:52.650 [org.springframework.amqp.rabbit.RabbitListenerEndpointContainer#0-96] [] [] ERROR o.s.a.r.l.SimpleMessageListenerContainer - Failed to check/redeclare auto-delete queue(s).
2026-10-01 17:20:52.650 [org.springframework.amqp.rabbit.RabbitListenerEndpointContainer#0-96] [] [] INFO  o.s.a.r.c.CachingConnectionFactory - Attempting to connect to: [127.0.0.1:5672]
2026-10-01 17:20:57.799 [org.springframework.amqp.rabbit.RabbitListenerEndpointContainer#0-96] [] [] WARN  o.s.a.r.l.SimpleMessageListenerContainer - Consumer raised exception, processing can restart if the connection factory supports it. Exception summary: org.springframework.amqp.AmqpConnectException: java.net.ConnectException: Connection refused: getsockopt
2026-10-01 17:20:57.799 [org.springframework.amqp.rabbit.RabbitListenerEndpointContainer#0-96] [] [] INFO  o.s.a.r.l.SimpleMessageListenerContainer - Restarting Consumer@355592ec: tags=[[]], channel=null, acknowledgeMode=MANUAL local queue size=0
2026-10-01 17:20:57.801 [org.springframework.amqp.rabbit.RabbitListenerEndpointContainer#0-97] [] [] INFO  o.s.a.r.c.CachingConnectionFactory - Attempting to connect to: [127.0.0.1:5672]
2026-10-01 17:20:57.803 [org.springframework.amqp.rabbit.RabbitListenerEndpointContainer#0-97] [] [] ERROR o.s.a.r.l.SimpleMessageListenerContainer - Failed to check/redeclare auto-delete queue(s).
2026-10-01 17:20:57.803 [org.springframework.amqp.rabbit.RabbitListenerEndpointContainer#0-97] [] [] INFO  o.s.a.r.c.CachingConnectionFactory - Attempting to connect to: [127.0.0.1:5672]
2026-10-01 17:21:02.916 [org.springframework.amqp.rabbit.RabbitListenerEndpointContainer#0-97] [] [] WARN  o.s.a.r.l.SimpleMessageListenerContainer - Consumer raised exception, processing can restart if the connection factory supports it. Exception summary: org.springframework.amqp.AmqpConnectException: java.net.ConnectException: Connection refused: getsockopt
2026-10-01 17:21:02.917 [org.springframework.amqp.rabbit.RabbitListenerEndpointContainer#0-97] [] [] INFO  o.s.a.r.l.SimpleMessageListenerContainer - Restarting Consumer@2597640a: tags=[[]], channel=null, acknowledgeMode=MANUAL local queue size=0
2026-10-01 17:21:02.919 [org.springframework.amqp.rabbit.RabbitListenerEndpointContainer#0-98] [] [] INFO  o.s.a.r.c.CachingConnectionFactory - Attempting to connect to: [127.0.0.1:5672]
2026-10-01 17:21:02.920 [org.springframework.amqp.rabbit.RabbitListenerEndpointContainer#0-98] [] [] ERROR o.s.a.r.l.SimpleMessageListenerContainer - Failed to check/redeclare auto-delete queue(s).
2026-10-01 17:21:02.921 [org.springframework.amqp.rabbit.RabbitListenerEndpointContainer#0-98] [] [] INFO  o.s.a.r.c.CachingConnectionFactory - Attempting to connect to: [127.0.0.1:5672]
2026-10-01 17:21:08.036 [org.springframework.amqp.rabbit.RabbitListenerEndpointContainer#0-98] [] [] WARN  o.s.a.r.l.SimpleMessageListenerContainer - Consumer raised exception, processing can restart if the connection factory supports it. Exception summary: org.springframework.amqp.AmqpConnectException: java.net.ConnectException: Connection refused: getsockopt
2026-10-01 17:21:08.036 [org.springframework.amqp.rabbit.RabbitListenerEndpointContainer#0-98] [] [] INFO  o.s.a.r.l.SimpleMessageListenerContainer - Restarting Consumer@4d48c7f1: tags=[[]], channel=null, acknowledgeMode=MANUAL local queue size=0
2026-10-01 17:21:08.038 [org.springframework.amqp.rabbit.RabbitListenerEndpointContainer#0-99] [] [] INFO  o.s.a.r.c.CachingConnectionFactory - Attempting to connect to: [127.0.0.1:5672]
2026-10-01 17:21:08.039 [org.springframework.amqp.rabbit.RabbitListenerEndpointContainer#0-99] [] [] ERROR o.s.a.r.l.SimpleMessageListenerContainer - Failed to check/redeclare auto-delete queue(s).
2026-10-01 17:21:08.039 [org.springframework.amqp.rabbit.RabbitListenerEndpointContainer#0-99] [] [] INFO  o.s.a.r.c.CachingConnectionFactory - Attempting to connect to: [127.0.0.1:5672]
2026-10-01 17:21:13.193 [org.springframework.amqp.rabbit.RabbitListenerEndpointContainer#0-99] [] [] WARN  o.s.a.r.l.SimpleMessageListenerContainer - Consumer raised exception, processing can restart if the connection factory supports it. Exception summary: org.springframework.amqp.AmqpConnectException: java.net.ConnectException: Connection refused: getsockopt
2026-10-01 17:21:13.194 [org.springframework.amqp.rabbit.RabbitListenerEndpointContainer#0-99] [] [] INFO  o.s.a.r.l.SimpleMessageListenerContainer - Restarting Consumer@41701318: tags=[[]], channel=null, acknowledgeMode=MANUAL local queue size=0
2026-10-01 17:21:13.196 [org.springframework.amqp.rabbit.RabbitListenerEndpointContainer#0-100] [] [] INFO  o.s.a.r.c.CachingConnectionFactory - Attempting to connect to: [127.0.0.1:5672]
2026-10-01 17:21:13.210 [org.springframework.amqp.rabbit.RabbitListenerEndpointContainer#0-100] [] [] ERROR o.s.a.r.l.SimpleMessageListenerContainer - Failed to check/redeclare auto-delete queue(s).
2026-10-01 17:21:13.211 [org.springframework.amqp.rabbit.RabbitListenerEndpointContainer#0-100] [] [] INFO  o.s.a.r.c.CachingConnectionFactory - Attempting to connect to: [127.0.0.1:5672]
2026-10-01 17:21:18.373 [org.springframework.amqp.rabbit.RabbitListenerEndpointContainer#0-100] [] [] WARN  o.s.a.r.l.SimpleMessageListenerContainer - Consumer raised exception, processing can restart if the connection factory supports it. Exception summary: org.springframework.amqp.AmqpConnectException: java.net.ConnectException: Connection refused: getsockopt
2026-10-01 17:21:18.373 [org.springframework.amqp.rabbit.RabbitListenerEndpointContainer#0-100] [] [] INFO  o.s.a.r.l.SimpleMessageListenerContainer - Restarting Consumer@42be3036: tags=[[]], channel=null, acknowledgeMode=MANUAL local queue size=0
2026-10-01 17:21:18.376 [org.springframework.amqp.rabbit.RabbitListenerEndpointContainer#0-101] [] [] INFO  o.s.a.r.c.CachingConnectionFactory - Attempting to connect to: [127.0.0.1:5672]
2026-10-01 17:21:18.377 [org.springframework.amqp.rabbit.RabbitListenerEndpointContainer#0-101] [] [] ERROR o.s.a.r.l.SimpleMessageListenerContainer - Failed to check/redeclare auto-delete queue(s).
2026-10-01 17:21:18.378 [org.springframework.amqp.rabbit.RabbitListenerEndpointContainer#0-101] [] [] INFO  o.s.a.r.c.CachingConnectionFactory - Attempting to connect to: [127.0.0.1:5672]
2026-10-01 17:21:23.474 [org.springframework.amqp.rabbit.RabbitListenerEndpointContainer#0-101] [] [] WARN  o.s.a.r.l.SimpleMessageListenerContainer - Consumer raised exception, processing can restart if the connection factory supports it. Exception summary: org.springframework.amqp.AmqpConnectException: java.net.ConnectException: Connection refused: getsockopt
2026-10-01 17:21:23.475 [org.springframework.amqp.rabbit.RabbitListenerEndpointContainer#0-101] [] [] INFO  o.s.a.r.l.SimpleMessageListenerContainer - Restarting Consumer@6276695a: tags=[[]], channel=null, acknowledgeMode=MANUAL local queue size=0
2026-10-01 17:21:23.478 [org.springframework.amqp.rabbit.RabbitListenerEndpointContainer#0-102] [] [] INFO  o.s.a.r.c.CachingConnectionFactory - Attempting to connect to: [127.0.0.1:5672]
2026-10-01 17:21:23.479 [org.springframework.amqp.rabbit.RabbitListenerEndpointContainer#0-102] [] [] ERROR o.s.a.r.l.SimpleMessageListenerContainer - Failed to check/redeclare auto-delete queue(s).
2026-10-01 17:21:23.480 [org.springframework.amqp.rabbit.RabbitListenerEndpointContainer#0-102] [] [] INFO  o.s.a.r.c.CachingConnectionFactory - Attempting to connect to: [127.0.0.1:5672]
2026-10-01 17:21:28.647 [org.springframework.amqp.rabbit.RabbitListenerEndpointContainer#0-102] [] [] WARN  o.s.a.r.l.SimpleMessageListenerContainer - Consumer raised exception, processing can restart if the connection factory supports it. Exception summary: org.springframework.amqp.AmqpConnectException: java.net.ConnectException: Connection refused: getsockopt
2026-10-01 17:21:28.648 [org.springframework.amqp.rabbit.RabbitListenerEndpointContainer#0-102] [] [] INFO  o.s.a.r.l.SimpleMessageListenerContainer - Restarting Consumer@7115f0e5: tags=[[]], channel=null, acknowledgeMode=MANUAL local queue size=0
2026-10-01 17:21:28.649 [org.springframework.amqp.rabbit.RabbitListenerEndpointContainer#0-103] [] [] INFO  o.s.a.r.c.CachingConnectionFactory - Attempting to connect to: [127.0.0.1:5672]
2026-10-01 17:21:28.650 [org.springframework.amqp.rabbit.RabbitListenerEndpointContainer#0-103] [] [] ERROR o.s.a.r.l.SimpleMessageListenerContainer - Failed to check/redeclare auto-delete queue(s).
2026-10-01 17:21:28.650 [org.springframework.amqp.rabbit.RabbitListenerEndpointContainer#0-103] [] [] INFO  o.s.a.r.c.CachingConnectionFactory - Attempting to connect to: [127.0.0.1:5672]
2026-10-01 17:21:33.802 [org.springframework.amqp.rabbit.RabbitListenerEndpointContainer#0-103] [] [] WARN  o.s.a.r.l.SimpleMessageListenerContainer - Consumer raised exception, processing can restart if the connection factory supports it. Exception summary: org.springframework.amqp.AmqpConnectException: java.net.ConnectException: Connection refused: getsockopt
2026-10-01 17:21:33.802 [org.springframework.amqp.rabbit.RabbitListenerEndpointContainer#0-103] [] [] INFO  o.s.a.r.l.SimpleMessageListenerContainer - Restarting Consumer@9945ba6: tags=[[]], channel=null, acknowledgeMode=MANUAL local queue size=0
2026-10-01 17:21:33.804 [org.springframework.amqp.rabbit.RabbitListenerEndpointContainer#0-104] [] [] INFO  o.s.a.r.c.CachingConnectionFactory - Attempting to connect to: [127.0.0.1:5672]
2026-10-01 17:21:33.817 [org.springframework.amqp.rabbit.RabbitListenerEndpointContainer#0-104] [] [] ERROR o.s.a.r.l.SimpleMessageListenerContainer - Failed to check/redeclare auto-delete queue(s).
2026-10-01 17:21:33.817 [org.springframework.amqp.rabbit.RabbitListenerEndpointContainer#0-104] [] [] INFO  o.s.a.r.c.CachingConnectionFactory - Attempting to connect to: [127.0.0.1:5672]
2026-10-01 17:21:38.977 [org.springframework.amqp.rabbit.RabbitListenerEndpointContainer#0-104] [] [] WARN  o.s.a.r.l.SimpleMessageListenerContainer - Consumer raised exception, processing can restart if the connection factory supports it. Exception summary: org.springframework.amqp.AmqpConnectException: java.net.ConnectException: Connection refused: getsockopt
2026-10-01 17:21:38.978 [org.springframework.amqp.rabbit.RabbitListenerEndpointContainer#0-104] [] [] INFO  o.s.a.r.l.SimpleMessageListenerContainer - Restarting Consumer@34d4f9f: tags=[[]], channel=null, acknowledgeMode=MANUAL local queue size=0
2026-10-01 17:21:38.981 [org.springframework.amqp.rabbit.RabbitListenerEndpointContainer#0-105] [] [] INFO  o.s.a.r.c.CachingConnectionFactory - Attempting to connect to: [127.0.0.1:5672]
2026-10-01 17:21:39.007 [org.springframework.amqp.rabbit.RabbitListenerEndpointContainer#0-105] [] [] ERROR o.s.a.r.l.SimpleMessageListenerContainer - Failed to check/redeclare auto-delete queue(s).
2026-10-01 17:21:39.007 [org.springframework.amqp.rabbit.RabbitListenerEndpointContainer#0-105] [] [] INFO  o.s.a.r.c.CachingConnectionFactory - Attempting to connect to: [127.0.0.1:5672]
2026-10-01 17:21:44.203 [org.springframework.amqp.rabbit.RabbitListenerEndpointContainer#0-105] [] [] WARN  o.s.a.r.l.SimpleMessageListenerContainer - Consumer raised exception, processing can restart if the connection factory supports it. Exception summary: org.springframework.amqp.AmqpConnectException: java.net.ConnectException: Connection refused: getsockopt
2026-10-01 17:21:44.203 [org.springframework.amqp.rabbit.RabbitListenerEndpointContainer#0-105] [] [] INFO  o.s.a.r.l.SimpleMessageListenerContainer - Restarting Consumer@2e065648: tags=[[]], channel=null, acknowledgeMode=MANUAL local queue size=0
2026-10-01 17:21:44.205 [org.springframework.amqp.rabbit.RabbitListenerEndpointContainer#0-106] [] [] INFO  o.s.a.r.c.CachingConnectionFactory - Attempting to connect to: [127.0.0.1:5672]
2026-10-01 17:21:44.219 [org.springframework.amqp.rabbit.RabbitListenerEndpointContainer#0-106] [] [] ERROR o.s.a.r.l.SimpleMessageListenerContainer - Failed to check/redeclare auto-delete queue(s).
2026-10-01 17:21:44.219 [org.springframework.amqp.rabbit.RabbitListenerEndpointContainer#0-106] [] [] INFO  o.s.a.r.c.CachingConnectionFactory - Attempting to connect to: [127.0.0.1:5672]
2026-10-01 17:21:49.290 [org.springframework.amqp.rabbit.RabbitListenerEndpointContainer#0-106] [] [] WARN  o.s.a.r.l.SimpleMessageListenerContainer - Consumer raised exception, processing can restart if the connection factory supports it. Exception summary: org.springframework.amqp.AmqpConnectException: java.net.ConnectException: Connection refused: getsockopt
2026-10-01 17:21:49.290 [org.springframework.amqp.rabbit.RabbitListenerEndpointContainer#0-106] [] [] INFO  o.s.a.r.l.SimpleMessageListenerContainer - Restarting Consumer@22cf1f2a: tags=[[]], channel=null, acknowledgeMode=MANUAL local queue size=0
2026-10-01 17:21:49.292 [org.springframework.amqp.rabbit.RabbitListenerEndpointContainer#0-107] [] [] INFO  o.s.a.r.c.CachingConnectionFactory - Attempting to connect to: [127.0.0.1:5672]
2026-10-01 17:21:49.293 [org.springframework.amqp.rabbit.RabbitListenerEndpointContainer#0-107] [] [] ERROR o.s.a.r.l.SimpleMessageListenerContainer - Failed to check/redeclare auto-delete queue(s).
2026-10-01 17:21:49.293 [org.springframework.amqp.rabbit.RabbitListenerEndpointContainer#0-107] [] [] INFO  o.s.a.r.c.CachingConnectionFactory - Attempting to connect to: [127.0.0.1:5672]
2026-10-01 17:21:54.421 [org.springframework.amqp.rabbit.RabbitListenerEndpointContainer#0-107] [] [] WARN  o.s.a.r.l.SimpleMessageListenerContainer - Consumer raised exception, processing can restart if the connection factory supports it. Exception summary: org.springframework.amqp.AmqpConnectException: java.net.ConnectException: Connection refused: getsockopt
2026-10-01 17:21:54.421 [org.springframework.amqp.rabbit.RabbitListenerEndpointContainer#0-107] [] [] INFO  o.s.a.r.l.SimpleMessageListenerContainer - Restarting Consumer@69a5f29f: tags=[[]], channel=null, acknowledgeMode=MANUAL local queue size=0
2026-10-01 17:21:54.423 [org.springframework.amqp.rabbit.RabbitListenerEndpointContainer#0-108] [] [] INFO  o.s.a.r.c.CachingConnectionFactory - Attempting to connect to: [127.0.0.1:5672]
2026-10-01 17:21:54.424 [org.springframework.amqp.rabbit.RabbitListenerEndpointContainer#0-108] [] [] ERROR o.s.a.r.l.SimpleMessageListenerContainer - Failed to check/redeclare auto-delete queue(s).
2026-10-01 17:21:54.424 [org.springframework.amqp.rabbit.RabbitListenerEndpointContainer#0-108] [] [] INFO  o.s.a.r.c.CachingConnectionFactory - Attempting to connect to: [127.0.0.1:5672]
2026-10-01 17:21:59.519 [org.springframework.amqp.rabbit.RabbitListenerEndpointContainer#0-108] [] [] WARN  o.s.a.r.l.SimpleMessageListenerContainer - Consumer raised exception, processing can restart if the connection factory supports it. Exception summary: org.springframework.amqp.AmqpConnectException: java.net.ConnectException: Connection refused: getsockopt
2026-10-01 17:21:59.520 [org.springframework.amqp.rabbit.RabbitListenerEndpointContainer#0-108] [] [] INFO  o.s.a.r.l.SimpleMessageListenerContainer - Restarting Consumer@20a8931f: tags=[[]], channel=null, acknowledgeMode=MANUAL local queue size=0
2026-10-01 17:21:59.523 [org.springframework.amqp.rabbit.RabbitListenerEndpointContainer#0-109] [] [] INFO  o.s.a.r.c.CachingConnectionFactory - Attempting to connect to: [127.0.0.1:5672]
2026-10-01 17:21:59.524 [org.springframework.amqp.rabbit.RabbitListenerEndpointContainer#0-109] [] [] ERROR o.s.a.r.l.SimpleMessageListenerContainer - Failed to check/redeclare auto-delete queue(s).
2026-10-01 17:21:59.524 [org.springframework.amqp.rabbit.RabbitListenerEndpointContainer#0-109] [] [] INFO  o.s.a.r.c.CachingConnectionFactory - Attempting to connect to: [127.0.0.1:5672]
2026-10-01 17:22:04.558 [org.springframework.amqp.rabbit.RabbitListenerEndpointContainer#0-109] [] [] WARN  o.s.a.r.l.SimpleMessageListenerContainer - Consumer raised exception, processing can restart if the connection factory supports it. Exception summary: org.springframework.amqp.AmqpConnectException: java.net.ConnectException: Connection refused: getsockopt
2026-10-01 17:22:04.560 [org.springframework.amqp.rabbit.RabbitListenerEndpointContainer#0-109] [] [] INFO  o.s.a.r.l.SimpleMessageListenerContainer - Restarting Consumer@2732ae14: tags=[[]], channel=null, acknowledgeMode=MANUAL local queue size=0
2026-10-01 17:22:04.562 [org.springframework.amqp.rabbit.RabbitListenerEndpointContainer#0-110] [] [] INFO  o.s.a.r.c.CachingConnectionFactory - Attempting to connect to: [127.0.0.1:5672]
2026-10-01 17:22:04.573 [org.springframework.amqp.rabbit.RabbitListenerEndpointContainer#0-110] [] [] ERROR o.s.a.r.l.SimpleMessageListenerContainer - Failed to check/redeclare auto-delete queue(s).
2026-10-01 17:22:04.573 [org.springframework.amqp.rabbit.RabbitListenerEndpointContainer#0-110] [] [] INFO  o.s.a.r.c.CachingConnectionFactory - Attempting to connect to: [127.0.0.1:5672]
2026-10-01 17:22:04.731 [main] [] [] INFO  com.exam.score.service.ScoreService - 成绩汇总完成：exam=981201000 汇总=1000 跳过=0 考试已批改=true
2026-10-01 17:22:07.988 [main] [] [] INFO  com.exam.score.service.ScoreService - 成绩汇总完成：exam=981201000 汇总=1000 跳过=0 考试已批改=true
2026-10-01 17:22:09.586 [org.springframework.amqp.rabbit.RabbitListenerEndpointContainer#0-110] [] [] WARN  o.s.a.r.l.SimpleMessageListenerContainer - Consumer raised exception, processing can restart if the connection factory supports it. Exception summary: org.springframework.amqp.AmqpConnectException: java.net.ConnectException: Connection refused: getsockopt
2026-10-01 17:22:09.586 [org.springframework.amqp.rabbit.RabbitListenerEndpointContainer#0-110] [] [] INFO  o.s.a.r.l.SimpleMessageListenerContainer - Restarting Consumer@77346c54: tags=[[]], channel=null, acknowledgeMode=MANUAL local queue size=0
2026-10-01 17:22:09.587 [org.springframework.amqp.rabbit.RabbitListenerEndpointContainer#0-111] [] [] INFO  o.s.a.r.c.CachingConnectionFactory - Attempting to connect to: [127.0.0.1:5672]
2026-10-01 17:22:09.588 [org.springframework.amqp.rabbit.RabbitListenerEndpointContainer#0-111] [] [] ERROR o.s.a.r.l.SimpleMessageListenerContainer - Failed to check/redeclare auto-delete queue(s).
2026-10-01 17:22:09.588 [org.springframework.amqp.rabbit.RabbitListenerEndpointContainer#0-111] [] [] INFO  o.s.a.r.c.CachingConnectionFactory - Attempting to connect to: [127.0.0.1:5672]
2026-10-01 17:22:11.106 [main] [] [] INFO  com.exam.score.service.ScoreService - 成绩汇总完成：exam=981201000 汇总=1000 跳过=0 考试已批改=true
2026-10-01 17:22:14.083 [main] [] [] INFO  com.exam.score.service.ScoreService - 成绩汇总完成：exam=981201000 汇总=1000 跳过=0 考试已批改=true
2026-10-01 17:22:14.789 [org.springframework.amqp.rabbit.RabbitListenerEndpointContainer#0-111] [] [] WARN  o.s.a.r.l.SimpleMessageListenerContainer - Consumer raised exception, processing can restart if the connection factory supports it. Exception summary: org.springframework.amqp.AmqpConnectException: java.net.ConnectException: Connection refused: getsockopt
2026-10-01 17:22:14.789 [org.springframework.amqp.rabbit.RabbitListenerEndpointContainer#0-111] [] [] INFO  o.s.a.r.l.SimpleMessageListenerContainer - Restarting Consumer@232eed75: tags=[[]], channel=null, acknowledgeMode=MANUAL local queue size=0
2026-10-01 17:22:14.791 [org.springframework.amqp.rabbit.RabbitListenerEndpointContainer#0-112] [] [] INFO  o.s.a.r.c.CachingConnectionFactory - Attempting to connect to: [127.0.0.1:5672]
2026-10-01 17:22:14.792 [org.springframework.amqp.rabbit.RabbitListenerEndpointContainer#0-112] [] [] ERROR o.s.a.r.l.SimpleMessageListenerContainer - Failed to check/redeclare auto-delete queue(s).
2026-10-01 17:22:14.792 [org.springframework.amqp.rabbit.RabbitListenerEndpointContainer#0-112] [] [] INFO  o.s.a.r.c.CachingConnectionFactory - Attempting to connect to: [127.0.0.1:5672]
2026-10-01 17:22:16.850 [main] [] [] INFO  com.exam.score.service.ScoreService - 成绩汇总完成：exam=981201000 汇总=1000 跳过=0 考试已批改=true
2026-10-01 17:22:19.803 [org.springframework.amqp.rabbit.RabbitListenerEndpointContainer#0-112] [] [] WARN  o.s.a.r.l.SimpleMessageListenerContainer - Consumer raised exception, processing can restart if the connection factory supports it. Exception summary: org.springframework.amqp.AmqpConnectException: java.net.ConnectException: Connection refused: getsockopt
2026-10-01 17:22:19.803 [org.springframework.amqp.rabbit.RabbitListenerEndpointContainer#0-112] [] [] INFO  o.s.a.r.l.SimpleMessageListenerContainer - Restarting Consumer@69d5020a: tags=[[]], channel=null, acknowledgeMode=MANUAL local queue size=0
2026-10-01 17:22:19.804 [org.springframework.amqp.rabbit.RabbitListenerEndpointContainer#0-113] [] [] INFO  o.s.a.r.c.CachingConnectionFactory - Attempting to connect to: [127.0.0.1:5672]
2026-10-01 17:22:19.828 [org.springframework.amqp.rabbit.RabbitListenerEndpointContainer#0-113] [] [] ERROR o.s.a.r.l.SimpleMessageListenerContainer - Failed to check/redeclare auto-delete queue(s).
2026-10-01 17:22:19.828 [org.springframework.amqp.rabbit.RabbitListenerEndpointContainer#0-113] [] [] INFO  o.s.a.r.c.CachingConnectionFactory - Attempting to connect to: [127.0.0.1:5672]
2026-10-01 17:22:19.864 [main] [] [] INFO  com.exam.score.service.ScoreService - 成绩汇总完成：exam=981201000 汇总=1000 跳过=0 考试已批改=true
2026-10-01 17:22:23.228 [main] [] [] INFO  com.exam.score.service.ScoreService - 成绩汇总完成：exam=981201000 汇总=1000 跳过=0 考试已批改=true
2026-10-01 17:22:25.024 [org.springframework.amqp.rabbit.RabbitListenerEndpointContainer#0-113] [] [] WARN  o.s.a.r.l.SimpleMessageListenerContainer - Consumer raised exception, processing can restart if the connection factory supports it. Exception summary: org.springframework.amqp.AmqpConnectException: java.net.ConnectException: Connection refused: getsockopt
2026-10-01 17:22:25.025 [org.springframework.amqp.rabbit.RabbitListenerEndpointContainer#0-113] [] [] INFO  o.s.a.r.l.SimpleMessageListenerContainer - Restarting Consumer@7763fb36: tags=[[]], channel=null, acknowledgeMode=MANUAL local queue size=0
2026-10-01 17:22:25.028 [org.springframework.amqp.rabbit.RabbitListenerEndpointContainer#0-114] [] [] INFO  o.s.a.r.c.CachingConnectionFactory - Attempting to connect to: [127.0.0.1:5672]
2026-10-01 17:22:25.029 [org.springframework.amqp.rabbit.RabbitListenerEndpointContainer#0-114] [] [] ERROR o.s.a.r.l.SimpleMessageListenerContainer - Failed to check/redeclare auto-delete queue(s).
2026-10-01 17:22:25.029 [org.springframework.amqp.rabbit.RabbitListenerEndpointContainer#0-114] [] [] INFO  o.s.a.r.c.CachingConnectionFactory - Attempting to connect to: [127.0.0.1:5672]
2026-10-01 17:22:25.776 [main] [] [] INFO  com.exam.score.service.ScoreService - 成绩汇总完成：exam=981201000 汇总=1000 跳过=0 考试已批改=true
2026-10-01 17:22:29.037 [main] [] [] INFO  com.exam.score.service.ScoreService - 成绩汇总完成：exam=981201000 汇总=1000 跳过=0 考试已批改=true
2026-10-01 17:22:30.058 [org.springframework.amqp.rabbit.RabbitListenerEndpointContainer#0-114] [] [] WARN  o.s.a.r.l.SimpleMessageListenerContainer - Consumer raised exception, processing can restart if the connection factory supports it. Exception summary: org.springframework.amqp.AmqpConnectException: java.net.ConnectException: Connection refused: getsockopt
2026-10-01 17:22:30.058 [org.springframework.amqp.rabbit.RabbitListenerEndpointContainer#0-114] [] [] INFO  o.s.a.r.l.SimpleMessageListenerContainer - Restarting Consumer@70008d41: tags=[[]], channel=null, acknowledgeMode=MANUAL local queue size=0
2026-10-01 17:22:30.062 [org.springframework.amqp.rabbit.RabbitListenerEndpointContainer#0-115] [] [] INFO  o.s.a.r.c.CachingConnectionFactory - Attempting to connect to: [127.0.0.1:5672]
2026-10-01 17:22:30.063 [org.springframework.amqp.rabbit.RabbitListenerEndpointContainer#0-115] [] [] ERROR o.s.a.r.l.SimpleMessageListenerContainer - Failed to check/redeclare auto-delete queue(s).
2026-10-01 17:22:30.063 [org.springframework.amqp.rabbit.RabbitListenerEndpointContainer#0-115] [] [] INFO  o.s.a.r.c.CachingConnectionFactory - Attempting to connect to: [127.0.0.1:5672]
2026-10-01 17:22:31.760 [main] [] [] INFO  com.exam.score.service.ScoreService - 成绩汇总完成：exam=981201000 汇总=1000 跳过=0 考试已批改=true
2026-10-01 17:22:34.969 [main] [] [] INFO  com.exam.score.service.ScoreService - 成绩汇总完成：exam=981201000 汇总=1000 跳过=0 考试已批改=true
2026-10-01 17:22:35.064 [org.springframework.amqp.rabbit.RabbitListenerEndpointContainer#0-115] [] [] WARN  o.s.a.r.l.SimpleMessageListenerContainer - Consumer raised exception, processing can restart if the connection factory supports it. Exception summary: org.springframework.amqp.AmqpConnectException: java.net.ConnectException: Connection refused: getsockopt
2026-10-01 17:22:35.064 [org.springframework.amqp.rabbit.RabbitListenerEndpointContainer#0-115] [] [] INFO  o.s.a.r.l.SimpleMessageListenerContainer - Restarting Consumer@2e9c8760: tags=[[]], channel=null, acknowledgeMode=MANUAL local queue size=0
2026-10-01 17:22:35.065 [org.springframework.amqp.rabbit.RabbitListenerEndpointContainer#0-116] [] [] INFO  o.s.a.r.c.CachingConnectionFactory - Attempting to connect to: [127.0.0.1:5672]
2026-10-01 17:22:35.080 [org.springframework.amqp.rabbit.RabbitListenerEndpointContainer#0-116] [] [] ERROR o.s.a.r.l.SimpleMessageListenerContainer - Failed to check/redeclare auto-delete queue(s).
2026-10-01 17:22:35.080 [org.springframework.amqp.rabbit.RabbitListenerEndpointContainer#0-116] [] [] INFO  o.s.a.r.c.CachingConnectionFactory - Attempting to connect to: [127.0.0.1:5672]
2026-10-01 17:22:37.821 [main] [] [] INFO  com.exam.score.service.ScoreService - 成绩汇总完成：exam=981201000 汇总=1000 跳过=0 考试已批改=true
2026-10-01 17:22:40.163 [org.springframework.amqp.rabbit.RabbitListenerEndpointContainer#0-116] [] [] WARN  o.s.a.r.l.SimpleMessageListenerContainer - Consumer raised exception, processing can restart if the connection factory supports it. Exception summary: org.springframework.amqp.AmqpConnectException: java.net.ConnectException: Connection refused: getsockopt
2026-10-01 17:22:40.164 [org.springframework.amqp.rabbit.RabbitListenerEndpointContainer#0-116] [] [] INFO  o.s.a.r.l.SimpleMessageListenerContainer - Restarting Consumer@202b75f9: tags=[[]], channel=null, acknowledgeMode=MANUAL local queue size=0
2026-10-01 17:22:40.166 [org.springframework.amqp.rabbit.RabbitListenerEndpointContainer#0-117] [] [] INFO  o.s.a.r.c.CachingConnectionFactory - Attempting to connect to: [127.0.0.1:5672]
2026-10-01 17:22:40.178 [org.springframework.amqp.rabbit.RabbitListenerEndpointContainer#0-117] [] [] ERROR o.s.a.r.l.SimpleMessageListenerContainer - Failed to check/redeclare auto-delete queue(s).
2026-10-01 17:22:40.179 [org.springframework.amqp.rabbit.RabbitListenerEndpointContainer#0-117] [] [] INFO  o.s.a.r.c.CachingConnectionFactory - Attempting to connect to: [127.0.0.1:5672]
2026-10-01 17:22:40.816 [main] [] [] INFO  com.exam.score.service.ScoreService - 成绩汇总完成：exam=981201000 汇总=1000 跳过=0 考试已批改=true
2026-10-01 17:22:43.925 [main] [] [] INFO  com.exam.score.service.ScoreService - 成绩汇总完成：exam=981201000 汇总=1000 跳过=0 考试已批改=true
2026-10-01 17:22:45.203 [org.springframework.amqp.rabbit.RabbitListenerEndpointContainer#0-117] [] [] WARN  o.s.a.r.l.SimpleMessageListenerContainer - Consumer raised exception, processing can restart if the connection factory supports it. Exception summary: org.springframework.amqp.AmqpConnectException: java.net.ConnectException: Connection refused: getsockopt
2026-10-01 17:22:45.203 [org.springframework.amqp.rabbit.RabbitListenerEndpointContainer#0-117] [] [] INFO  o.s.a.r.l.SimpleMessageListenerContainer - Restarting Consumer@31e649e6: tags=[[]], channel=null, acknowledgeMode=MANUAL local queue size=0
2026-10-01 17:22:45.205 [org.springframework.amqp.rabbit.RabbitListenerEndpointContainer#0-118] [] [] INFO  o.s.a.r.c.CachingConnectionFactory - Attempting to connect to: [127.0.0.1:5672]
2026-10-01 17:22:45.206 [org.springframework.amqp.rabbit.RabbitListenerEndpointContainer#0-118] [] [] ERROR o.s.a.r.l.SimpleMessageListenerContainer - Failed to check/redeclare auto-delete queue(s).
2026-10-01 17:22:45.206 [org.springframework.amqp.rabbit.RabbitListenerEndpointContainer#0-118] [] [] INFO  o.s.a.r.c.CachingConnectionFactory - Attempting to connect to: [127.0.0.1:5672]
2026-10-01 17:22:46.896 [main] [] [] INFO  com.exam.score.service.ScoreService - 成绩汇总完成：exam=981201000 汇总=1000 跳过=0 考试已批改=true
2026-10-01 17:22:49.692 [main] [] [] INFO  com.exam.score.service.ScoreService - 成绩汇总完成：exam=981201000 汇总=1000 跳过=0 考试已批改=true
2026-10-01 17:22:50.242 [org.springframework.amqp.rabbit.RabbitListenerEndpointContainer#0-118] [] [] WARN  o.s.a.r.l.SimpleMessageListenerContainer - Consumer raised exception, processing can restart if the connection factory supports it. Exception summary: org.springframework.amqp.AmqpConnectException: java.net.ConnectException: Connection refused: getsockopt
2026-10-01 17:22:50.243 [org.springframework.amqp.rabbit.RabbitListenerEndpointContainer#0-118] [] [] INFO  o.s.a.r.l.SimpleMessageListenerContainer - Restarting Consumer@4ca818fc: tags=[[]], channel=null, acknowledgeMode=MANUAL local queue size=0
2026-10-01 17:22:50.246 [org.springframework.amqp.rabbit.RabbitListenerEndpointContainer#0-119] [] [] INFO  o.s.a.r.c.CachingConnectionFactory - Attempting to connect to: [127.0.0.1:5672]
2026-10-01 17:22:50.272 [org.springframework.amqp.rabbit.RabbitListenerEndpointContainer#0-119] [] [] ERROR o.s.a.r.l.SimpleMessageListenerContainer - Failed to check/redeclare auto-delete queue(s).
2026-10-01 17:22:50.272 [org.springframework.amqp.rabbit.RabbitListenerEndpointContainer#0-119] [] [] INFO  o.s.a.r.c.CachingConnectionFactory - Attempting to connect to: [127.0.0.1:5672]
2026-10-01 17:22:52.599 [main] [] [] INFO  com.exam.score.service.ScoreService - 成绩汇总完成：exam=981201000 汇总=1000 跳过=0 考试已批改=true
2026-10-01 17:22:55.297 [org.springframework.amqp.rabbit.RabbitListenerEndpointContainer#0-119] [] [] WARN  o.s.a.r.l.SimpleMessageListenerContainer - Consumer raised exception, processing can restart if the connection factory supports it. Exception summary: org.springframework.amqp.AmqpConnectException: java.net.ConnectException: Connection refused: getsockopt
2026-10-01 17:22:55.298 [org.springframework.amqp.rabbit.RabbitListenerEndpointContainer#0-119] [] [] INFO  o.s.a.r.l.SimpleMessageListenerContainer - Restarting Consumer@6e20be23: tags=[[]], channel=null, acknowledgeMode=MANUAL local queue size=0
2026-10-01 17:22:55.300 [org.springframework.amqp.rabbit.RabbitListenerEndpointContainer#0-120] [] [] INFO  o.s.a.r.c.CachingConnectionFactory - Attempting to connect to: [127.0.0.1:5672]
2026-10-01 17:22:55.311 [org.springframework.amqp.rabbit.RabbitListenerEndpointContainer#0-120] [] [] ERROR o.s.a.r.l.SimpleMessageListenerContainer - Failed to check/redeclare auto-delete queue(s).
2026-10-01 17:22:55.312 [org.springframework.amqp.rabbit.RabbitListenerEndpointContainer#0-120] [] [] INFO  o.s.a.r.c.CachingConnectionFactory - Attempting to connect to: [127.0.0.1:5672]
2026-10-01 17:22:55.554 [main] [] [] INFO  com.exam.score.service.ScoreService - 成绩汇总完成：exam=981201000 汇总=1000 跳过=0 考试已批改=true
2026-10-01 17:22:58.265 [main] [] [] INFO  com.exam.score.service.ScoreService - 成绩汇总完成：exam=981201000 汇总=1000 跳过=0 考试已批改=true
2026-10-01 17:23:00.392 [org.springframework.amqp.rabbit.RabbitListenerEndpointContainer#0-120] [] [] WARN  o.s.a.r.l.SimpleMessageListenerContainer - Consumer raised exception, processing can restart if the connection factory supports it. Exception summary: org.springframework.amqp.AmqpConnectException: java.net.ConnectException: Connection refused: getsockopt
2026-10-01 17:23:00.393 [org.springframework.amqp.rabbit.RabbitListenerEndpointContainer#0-120] [] [] INFO  o.s.a.r.l.SimpleMessageListenerContainer - Restarting Consumer@2e0eeab3: tags=[[]], channel=null, acknowledgeMode=MANUAL local queue size=0
2026-10-01 17:23:00.396 [org.springframework.amqp.rabbit.RabbitListenerEndpointContainer#0-121] [] [] INFO  o.s.a.r.c.CachingConnectionFactory - Attempting to connect to: [127.0.0.1:5672]
2026-10-01 17:23:00.408 [org.springframework.amqp.rabbit.RabbitListenerEndpointContainer#0-121] [] [] ERROR o.s.a.r.l.SimpleMessageListenerContainer - Failed to check/redeclare auto-delete queue(s).
2026-10-01 17:23:00.408 [org.springframework.amqp.rabbit.RabbitListenerEndpointContainer#0-121] [] [] INFO  o.s.a.r.c.CachingConnectionFactory - Attempting to connect to: [127.0.0.1:5672]
2026-10-01 17:23:01.273 [main] [] [] INFO  com.exam.score.service.ScoreService - 成绩汇总完成：exam=981201000 汇总=1000 跳过=0 考试已批改=true
2026-10-01 17:23:04.181 [main] [] [] INFO  com.exam.score.service.ScoreService - 成绩汇总完成：exam=981201000 汇总=1000 跳过=0 考试已批改=true
2026-10-01 17:23:05.418 [org.springframework.amqp.rabbit.RabbitListenerEndpointContainer#0-121] [] [] WARN  o.s.a.r.l.SimpleMessageListenerContainer - Consumer raised exception, processing can restart if the connection factory supports it. Exception summary: org.springframework.amqp.AmqpConnectException: java.net.ConnectException: Connection refused: getsockopt
2026-10-01 17:23:05.418 [org.springframework.amqp.rabbit.RabbitListenerEndpointContainer#0-121] [] [] INFO  o.s.a.r.l.SimpleMessageListenerContainer - Restarting Consumer@78fc390e: tags=[[]], channel=null, acknowledgeMode=MANUAL local queue size=0
2026-10-01 17:23:05.420 [org.springframework.amqp.rabbit.RabbitListenerEndpointContainer#0-122] [] [] INFO  o.s.a.r.c.CachingConnectionFactory - Attempting to connect to: [127.0.0.1:5672]
2026-10-01 17:23:05.421 [org.springframework.amqp.rabbit.RabbitListenerEndpointContainer#0-122] [] [] ERROR o.s.a.r.l.SimpleMessageListenerContainer - Failed to check/redeclare auto-delete queue(s).
2026-10-01 17:23:05.421 [org.springframework.amqp.rabbit.RabbitListenerEndpointContainer#0-122] [] [] INFO  o.s.a.r.c.CachingConnectionFactory - Attempting to connect to: [127.0.0.1:5672]
2026-10-01 17:23:10.546 [org.springframework.amqp.rabbit.RabbitListenerEndpointContainer#0-122] [] [] WARN  o.s.a.r.l.SimpleMessageListenerContainer - Consumer raised exception, processing can restart if the connection factory supports it. Exception summary: org.springframework.amqp.AmqpConnectException: java.net.ConnectException: Connection refused: getsockopt
2026-10-01 17:23:10.547 [org.springframework.amqp.rabbit.RabbitListenerEndpointContainer#0-122] [] [] INFO  o.s.a.r.l.SimpleMessageListenerContainer - Restarting Consumer@46ead174: tags=[[]], channel=null, acknowledgeMode=MANUAL local queue size=0
2026-10-01 17:23:10.550 [org.springframework.amqp.rabbit.RabbitListenerEndpointContainer#0-123] [] [] INFO  o.s.a.r.c.CachingConnectionFactory - Attempting to connect to: [127.0.0.1:5672]
2026-10-01 17:23:10.562 [org.springframework.amqp.rabbit.RabbitListenerEndpointContainer#0-123] [] [] ERROR o.s.a.r.l.SimpleMessageListenerContainer - Failed to check/redeclare auto-delete queue(s).
2026-10-01 17:23:10.562 [org.springframework.amqp.rabbit.RabbitListenerEndpointContainer#0-123] [] [] INFO  o.s.a.r.c.CachingConnectionFactory - Attempting to connect to: [127.0.0.1:5672]
2026-10-01 17:23:15.716 [org.springframework.amqp.rabbit.RabbitListenerEndpointContainer#0-123] [] [] WARN  o.s.a.r.l.SimpleMessageListenerContainer - Consumer raised exception, processing can restart if the connection factory supports it. Exception summary: org.springframework.amqp.AmqpConnectException: java.net.ConnectException: Connection refused: getsockopt
2026-10-01 17:23:15.716 [org.springframework.amqp.rabbit.RabbitListenerEndpointContainer#0-123] [] [] INFO  o.s.a.r.l.SimpleMessageListenerContainer - Restarting Consumer@41ff7af5: tags=[[]], channel=null, acknowledgeMode=MANUAL local queue size=0
2026-10-01 17:23:15.718 [org.springframework.amqp.rabbit.RabbitListenerEndpointContainer#0-124] [] [] INFO  o.s.a.r.c.CachingConnectionFactory - Attempting to connect to: [127.0.0.1:5672]
2026-10-01 17:23:15.731 [org.springframework.amqp.rabbit.RabbitListenerEndpointContainer#0-124] [] [] ERROR o.s.a.r.l.SimpleMessageListenerContainer - Failed to check/redeclare auto-delete queue(s).
2026-10-01 17:23:15.732 [org.springframework.amqp.rabbit.RabbitListenerEndpointContainer#0-124] [] [] INFO  o.s.a.r.c.CachingConnectionFactory - Attempting to connect to: [127.0.0.1:5672]
2026-10-01 17:23:20.924 [org.springframework.amqp.rabbit.RabbitListenerEndpointContainer#0-124] [] [] WARN  o.s.a.r.l.SimpleMessageListenerContainer - Consumer raised exception, processing can restart if the connection factory supports it. Exception summary: org.springframework.amqp.AmqpConnectException: java.net.ConnectException: Connection refused: getsockopt
2026-10-01 17:23:20.925 [org.springframework.amqp.rabbit.RabbitListenerEndpointContainer#0-124] [] [] INFO  o.s.a.r.l.SimpleMessageListenerContainer - Restarting Consumer@6aee183: tags=[[]], channel=null, acknowledgeMode=MANUAL local queue size=0
2026-10-01 17:23:20.929 [org.springframework.amqp.rabbit.RabbitListenerEndpointContainer#0-125] [] [] INFO  o.s.a.r.c.CachingConnectionFactory - Attempting to connect to: [127.0.0.1:5672]
2026-10-01 17:23:20.930 [org.springframework.amqp.rabbit.RabbitListenerEndpointContainer#0-125] [] [] ERROR o.s.a.r.l.SimpleMessageListenerContainer - Failed to check/redeclare auto-delete queue(s).
2026-10-01 17:23:20.930 [org.springframework.amqp.rabbit.RabbitListenerEndpointContainer#0-125] [] [] INFO  o.s.a.r.c.CachingConnectionFactory - Attempting to connect to: [127.0.0.1:5672]
2026-10-01 17:23:26.032 [org.springframework.amqp.rabbit.RabbitListenerEndpointContainer#0-125] [] [] WARN  o.s.a.r.l.SimpleMessageListenerContainer - Consumer raised exception, processing can restart if the connection factory supports it. Exception summary: org.springframework.amqp.AmqpConnectException: java.net.ConnectException: Connection refused: getsockopt
2026-10-01 17:23:26.032 [org.springframework.amqp.rabbit.RabbitListenerEndpointContainer#0-125] [] [] INFO  o.s.a.r.l.SimpleMessageListenerContainer - Restarting Consumer@77504912: tags=[[]], channel=null, acknowledgeMode=MANUAL local queue size=0
2026-10-01 17:23:26.034 [org.springframework.amqp.rabbit.RabbitListenerEndpointContainer#0-126] [] [] INFO  o.s.a.r.c.CachingConnectionFactory - Attempting to connect to: [127.0.0.1:5672]
2026-10-01 17:23:26.048 [org.springframework.amqp.rabbit.RabbitListenerEndpointContainer#0-126] [] [] ERROR o.s.a.r.l.SimpleMessageListenerContainer - Failed to check/redeclare auto-delete queue(s).
2026-10-01 17:23:26.048 [org.springframework.amqp.rabbit.RabbitListenerEndpointContainer#0-126] [] [] INFO  o.s.a.r.c.CachingConnectionFactory - Attempting to connect to: [127.0.0.1:5672]
2026-10-01 17:23:31.153 [org.springframework.amqp.rabbit.RabbitListenerEndpointContainer#0-126] [] [] WARN  o.s.a.r.l.SimpleMessageListenerContainer - Consumer raised exception, processing can restart if the connection factory supports it. Exception summary: org.springframework.amqp.AmqpConnectException: java.net.ConnectException: Connection refused: getsockopt
2026-10-01 17:23:31.154 [org.springframework.amqp.rabbit.RabbitListenerEndpointContainer#0-126] [] [] INFO  o.s.a.r.l.SimpleMessageListenerContainer - Restarting Consumer@5c3ef78e: tags=[[]], channel=null, acknowledgeMode=MANUAL local queue size=0
2026-10-01 17:23:31.156 [org.springframework.amqp.rabbit.RabbitListenerEndpointContainer#0-127] [] [] INFO  o.s.a.r.c.CachingConnectionFactory - Attempting to connect to: [127.0.0.1:5672]
2026-10-01 17:23:31.157 [org.springframework.amqp.rabbit.RabbitListenerEndpointContainer#0-127] [] [] ERROR o.s.a.r.l.SimpleMessageListenerContainer - Failed to check/redeclare auto-delete queue(s).
2026-10-01 17:23:31.158 [org.springframework.amqp.rabbit.RabbitListenerEndpointContainer#0-127] [] [] INFO  o.s.a.r.c.CachingConnectionFactory - Attempting to connect to: [127.0.0.1:5672]
2026-10-01 17:23:36.265 [org.springframework.amqp.rabbit.RabbitListenerEndpointContainer#0-127] [] [] WARN  o.s.a.r.l.SimpleMessageListenerContainer - Consumer raised exception, processing can restart if the connection factory supports it. Exception summary: org.springframework.amqp.AmqpConnectException: java.net.ConnectException: Connection refused: getsockopt
2026-10-01 17:23:36.265 [org.springframework.amqp.rabbit.RabbitListenerEndpointContainer#0-127] [] [] INFO  o.s.a.r.l.SimpleMessageListenerContainer - Restarting Consumer@12a33a52: tags=[[]], channel=null, acknowledgeMode=MANUAL local queue size=0
2026-10-01 17:23:36.267 [org.springframework.amqp.rabbit.RabbitListenerEndpointContainer#0-128] [] [] INFO  o.s.a.r.c.CachingConnectionFactory - Attempting to connect to: [127.0.0.1:5672]
2026-10-01 17:23:36.268 [org.springframework.amqp.rabbit.RabbitListenerEndpointContainer#0-128] [] [] ERROR o.s.a.r.l.SimpleMessageListenerContainer - Failed to check/redeclare auto-delete queue(s).
2026-10-01 17:23:36.269 [org.springframework.amqp.rabbit.RabbitListenerEndpointContainer#0-128] [] [] INFO  o.s.a.r.c.CachingConnectionFactory - Attempting to connect to: [127.0.0.1:5672]
2026-10-01 17:23:41.438 [org.springframework.amqp.rabbit.RabbitListenerEndpointContainer#0-128] [] [] WARN  o.s.a.r.l.SimpleMessageListenerContainer - Consumer raised exception, processing can restart if the connection factory supports it. Exception summary: org.springframework.amqp.AmqpConnectException: java.net.ConnectException: Connection refused: getsockopt
2026-10-01 17:23:41.439 [org.springframework.amqp.rabbit.RabbitListenerEndpointContainer#0-128] [] [] INFO  o.s.a.r.l.SimpleMessageListenerContainer - Restarting Consumer@41a0c4b5: tags=[[]], channel=null, acknowledgeMode=MANUAL local queue size=0
2026-10-01 17:23:41.441 [org.springframework.amqp.rabbit.RabbitListenerEndpointContainer#0-129] [] [] INFO  o.s.a.r.c.CachingConnectionFactory - Attempting to connect to: [127.0.0.1:5672]
2026-10-01 17:23:41.442 [org.springframework.amqp.rabbit.RabbitListenerEndpointContainer#0-129] [] [] ERROR o.s.a.r.l.SimpleMessageListenerContainer - Failed to check/redeclare auto-delete queue(s).
2026-10-01 17:23:41.443 [org.springframework.amqp.rabbit.RabbitListenerEndpointContainer#0-129] [] [] INFO  o.s.a.r.c.CachingConnectionFactory - Attempting to connect to: [127.0.0.1:5672]
2026-10-01 17:23:46.593 [org.springframework.amqp.rabbit.RabbitListenerEndpointContainer#0-129] [] [] WARN  o.s.a.r.l.SimpleMessageListenerContainer - Consumer raised exception, processing can restart if the connection factory supports it. Exception summary: org.springframework.amqp.AmqpConnectException: java.net.ConnectException: Connection refused: getsockopt
2026-10-01 17:23:46.593 [org.springframework.amqp.rabbit.RabbitListenerEndpointContainer#0-129] [] [] INFO  o.s.a.r.l.SimpleMessageListenerContainer - Restarting Consumer@277b520b: tags=[[]], channel=null, acknowledgeMode=MANUAL local queue size=0
2026-10-01 17:23:46.595 [org.springframework.amqp.rabbit.RabbitListenerEndpointContainer#0-130] [] [] INFO  o.s.a.r.c.CachingConnectionFactory - Attempting to connect to: [127.0.0.1:5672]
2026-10-01 17:23:46.596 [org.springframework.amqp.rabbit.RabbitListenerEndpointContainer#0-130] [] [] ERROR o.s.a.r.l.SimpleMessageListenerContainer - Failed to check/redeclare auto-delete queue(s).
2026-10-01 17:23:46.596 [org.springframework.amqp.rabbit.RabbitListenerEndpointContainer#0-130] [] [] INFO  o.s.a.r.c.CachingConnectionFactory - Attempting to connect to: [127.0.0.1:5672]
2026-10-01 17:23:51.785 [org.springframework.amqp.rabbit.RabbitListenerEndpointContainer#0-130] [] [] WARN  o.s.a.r.l.SimpleMessageListenerContainer - Consumer raised exception, processing can restart if the connection factory supports it. Exception summary: org.springframework.amqp.AmqpConnectException: java.net.ConnectException: Connection refused: getsockopt
2026-10-01 17:23:51.786 [org.springframework.amqp.rabbit.RabbitListenerEndpointContainer#0-130] [] [] INFO  o.s.a.r.l.SimpleMessageListenerContainer - Restarting Consumer@2a29198a: tags=[[]], channel=null, acknowledgeMode=MANUAL local queue size=0
2026-10-01 17:23:51.787 [org.springframework.amqp.rabbit.RabbitListenerEndpointContainer#0-131] [] [] INFO  o.s.a.r.c.CachingConnectionFactory - Attempting to connect to: [127.0.0.1:5672]
2026-10-01 17:23:51.801 [org.springframework.amqp.rabbit.RabbitListenerEndpointContainer#0-131] [] [] ERROR o.s.a.r.l.SimpleMessageListenerContainer - Failed to check/redeclare auto-delete queue(s).
2026-10-01 17:23:51.801 [org.springframework.amqp.rabbit.RabbitListenerEndpointContainer#0-131] [] [] INFO  o.s.a.r.c.CachingConnectionFactory - Attempting to connect to: [127.0.0.1:5672]
2026-10-01 17:23:56.940 [org.springframework.amqp.rabbit.RabbitListenerEndpointContainer#0-131] [] [] WARN  o.s.a.r.l.SimpleMessageListenerContainer - Consumer raised exception, processing can restart if the connection factory supports it. Exception summary: org.springframework.amqp.AmqpConnectException: java.net.ConnectException: Connection refused: getsockopt
2026-10-01 17:23:56.941 [org.springframework.amqp.rabbit.RabbitListenerEndpointContainer#0-131] [] [] INFO  o.s.a.r.l.SimpleMessageListenerContainer - Restarting Consumer@13340ca4: tags=[[]], channel=null, acknowledgeMode=MANUAL local queue size=0
2026-10-01 17:23:56.944 [org.springframework.amqp.rabbit.RabbitListenerEndpointContainer#0-132] [] [] INFO  o.s.a.r.c.CachingConnectionFactory - Attempting to connect to: [127.0.0.1:5672]
2026-10-01 17:23:56.945 [org.springframework.amqp.rabbit.RabbitListenerEndpointContainer#0-132] [] [] ERROR o.s.a.r.l.SimpleMessageListenerContainer - Failed to check/redeclare auto-delete queue(s).
2026-10-01 17:23:56.945 [org.springframework.amqp.rabbit.RabbitListenerEndpointContainer#0-132] [] [] INFO  o.s.a.r.c.CachingConnectionFactory - Attempting to connect to: [127.0.0.1:5672]
2026-10-01 17:24:02.104 [org.springframework.amqp.rabbit.RabbitListenerEndpointContainer#0-132] [] [] WARN  o.s.a.r.l.SimpleMessageListenerContainer - Consumer raised exception, processing can restart if the connection factory supports it. Exception summary: org.springframework.amqp.AmqpConnectException: java.net.ConnectException: Connection refused: getsockopt
2026-10-01 17:24:02.104 [org.springframework.amqp.rabbit.RabbitListenerEndpointContainer#0-132] [] [] INFO  o.s.a.r.l.SimpleMessageListenerContainer - Restarting Consumer@9c2bb1: tags=[[]], channel=null, acknowledgeMode=MANUAL local queue size=0
2026-10-01 17:24:02.109 [org.springframework.amqp.rabbit.RabbitListenerEndpointContainer#0-133] [] [] INFO  o.s.a.r.c.CachingConnectionFactory - Attempting to connect to: [127.0.0.1:5672]
2026-10-01 17:24:02.111 [org.springframework.amqp.rabbit.RabbitListenerEndpointContainer#0-133] [] [] ERROR o.s.a.r.l.SimpleMessageListenerContainer - Failed to check/redeclare auto-delete queue(s).
2026-10-01 17:24:02.111 [org.springframework.amqp.rabbit.RabbitListenerEndpointContainer#0-133] [] [] INFO  o.s.a.r.c.CachingConnectionFactory - Attempting to connect to: [127.0.0.1:5672]
2026-10-01 17:24:07.114 [org.springframework.amqp.rabbit.RabbitListenerEndpointContainer#0-133] [] [] WARN  o.s.a.r.l.SimpleMessageListenerContainer - Consumer raised exception, processing can restart if the connection factory supports it. Exception summary: org.springframework.amqp.AmqpConnectException: java.net.ConnectException: Connection refused: getsockopt
2026-10-01 17:24:07.114 [org.springframework.amqp.rabbit.RabbitListenerEndpointContainer#0-133] [] [] INFO  o.s.a.r.l.SimpleMessageListenerContainer - Restarting Consumer@76244fcd: tags=[[]], channel=null, acknowledgeMode=MANUAL local queue size=0
2026-10-01 17:24:07.118 [org.springframework.amqp.rabbit.RabbitListenerEndpointContainer#0-134] [] [] INFO  o.s.a.r.c.CachingConnectionFactory - Attempting to connect to: [127.0.0.1:5672]
2026-10-01 17:24:07.120 [org.springframework.amqp.rabbit.RabbitListenerEndpointContainer#0-134] [] [] ERROR o.s.a.r.l.SimpleMessageListenerContainer - Failed to check/redeclare auto-delete queue(s).
2026-10-01 17:24:07.120 [org.springframework.amqp.rabbit.RabbitListenerEndpointContainer#0-134] [] [] INFO  o.s.a.r.c.CachingConnectionFactory - Attempting to connect to: [127.0.0.1:5672]
2026-10-01 17:24:12.333 [org.springframework.amqp.rabbit.RabbitListenerEndpointContainer#0-134] [] [] WARN  o.s.a.r.l.SimpleMessageListenerContainer - Consumer raised exception, processing can restart if the connection factory supports it. Exception summary: org.springframework.amqp.AmqpConnectException: java.net.ConnectException: Connection refused: getsockopt
2026-10-01 17:24:12.333 [org.springframework.amqp.rabbit.RabbitListenerEndpointContainer#0-134] [] [] INFO  o.s.a.r.l.SimpleMessageListenerContainer - Restarting Consumer@4f1b9b2b: tags=[[]], channel=null, acknowledgeMode=MANUAL local queue size=0
2026-10-01 17:24:12.340 [org.springframework.amqp.rabbit.RabbitListenerEndpointContainer#0-135] [] [] INFO  o.s.a.r.c.CachingConnectionFactory - Attempting to connect to: [127.0.0.1:5672]
2026-10-01 17:24:12.342 [org.springframework.amqp.rabbit.RabbitListenerEndpointContainer#0-135] [] [] ERROR o.s.a.r.l.SimpleMessageListenerContainer - Failed to check/redeclare auto-delete queue(s).
2026-10-01 17:24:12.342 [org.springframework.amqp.rabbit.RabbitListenerEndpointContainer#0-135] [] [] INFO  o.s.a.r.c.CachingConnectionFactory - Attempting to connect to: [127.0.0.1:5672]
2026-10-01 17:24:17.477 [org.springframework.amqp.rabbit.RabbitListenerEndpointContainer#0-135] [] [] WARN  o.s.a.r.l.SimpleMessageListenerContainer - Consumer raised exception, processing can restart if the connection factory supports it. Exception summary: org.springframework.amqp.AmqpConnectException: java.net.ConnectException: Connection refused: getsockopt
2026-10-01 17:24:17.484 [org.springframework.amqp.rabbit.RabbitListenerEndpointContainer#0-135] [] [] INFO  o.s.a.r.l.SimpleMessageListenerContainer - Restarting Consumer@1fb5999: tags=[[]], channel=null, acknowledgeMode=MANUAL local queue size=0
2026-10-01 17:24:17.506 [org.springframework.amqp.rabbit.RabbitListenerEndpointContainer#0-136] [] [] INFO  o.s.a.r.c.CachingConnectionFactory - Attempting to connect to: [127.0.0.1:5672]
2026-10-01 17:24:17.514 [org.springframework.amqp.rabbit.RabbitListenerEndpointContainer#0-136] [] [] ERROR o.s.a.r.l.SimpleMessageListenerContainer - Failed to check/redeclare auto-delete queue(s).
2026-10-01 17:24:17.514 [org.springframework.amqp.rabbit.RabbitListenerEndpointContainer#0-136] [] [] INFO  o.s.a.r.c.CachingConnectionFactory - Attempting to connect to: [127.0.0.1:5672]
2026-10-01 17:24:22.670 [org.springframework.amqp.rabbit.RabbitListenerEndpointContainer#0-136] [] [] WARN  o.s.a.r.l.SimpleMessageListenerContainer - Consumer raised exception, processing can restart if the connection factory supports it. Exception summary: org.springframework.amqp.AmqpConnectException: java.net.ConnectException: Connection refused: getsockopt
2026-10-01 17:24:22.670 [org.springframework.amqp.rabbit.RabbitListenerEndpointContainer#0-136] [] [] INFO  o.s.a.r.l.SimpleMessageListenerContainer - Restarting Consumer@4999422a: tags=[[]], channel=null, acknowledgeMode=MANUAL local queue size=0
2026-10-01 17:24:22.679 [org.springframework.amqp.rabbit.RabbitListenerEndpointContainer#0-137] [] [] INFO  o.s.a.r.c.CachingConnectionFactory - Attempting to connect to: [127.0.0.1:5672]
2026-10-01 17:24:22.700 [org.springframework.amqp.rabbit.RabbitListenerEndpointContainer#0-137] [] [] ERROR o.s.a.r.l.SimpleMessageListenerContainer - Failed to check/redeclare auto-delete queue(s).
2026-10-01 17:24:22.700 [org.springframework.amqp.rabbit.RabbitListenerEndpointContainer#0-137] [] [] INFO  o.s.a.r.c.CachingConnectionFactory - Attempting to connect to: [127.0.0.1:5672]
2026-10-01 17:24:27.765 [org.springframework.amqp.rabbit.RabbitListenerEndpointContainer#0-137] [] [] WARN  o.s.a.r.l.SimpleMessageListenerContainer - Consumer raised exception, processing can restart if the connection factory supports it. Exception summary: org.springframework.amqp.AmqpConnectException: java.net.ConnectException: Connection refused: getsockopt
2026-10-01 17:24:27.765 [org.springframework.amqp.rabbit.RabbitListenerEndpointContainer#0-137] [] [] INFO  o.s.a.r.l.SimpleMessageListenerContainer - Restarting Consumer@45e8c43f: tags=[[]], channel=null, acknowledgeMode=MANUAL local queue size=0
2026-10-01 17:24:27.768 [org.springframework.amqp.rabbit.RabbitListenerEndpointContainer#0-138] [] [] INFO  o.s.a.r.c.CachingConnectionFactory - Attempting to connect to: [127.0.0.1:5672]
2026-10-01 17:24:27.769 [org.springframework.amqp.rabbit.RabbitListenerEndpointContainer#0-138] [] [] ERROR o.s.a.r.l.SimpleMessageListenerContainer - Failed to check/redeclare auto-delete queue(s).
2026-10-01 17:24:27.769 [org.springframework.amqp.rabbit.RabbitListenerEndpointContainer#0-138] [] [] INFO  o.s.a.r.c.CachingConnectionFactory - Attempting to connect to: [127.0.0.1:5672]
2026-10-01 17:24:32.974 [org.springframework.amqp.rabbit.RabbitListenerEndpointContainer#0-138] [] [] WARN  o.s.a.r.l.SimpleMessageListenerContainer - Consumer raised exception, processing can restart if the connection factory supports it. Exception summary: org.springframework.amqp.AmqpConnectException: java.net.ConnectException: Connection refused: getsockopt
2026-10-01 17:24:32.975 [org.springframework.amqp.rabbit.RabbitListenerEndpointContainer#0-138] [] [] INFO  o.s.a.r.l.SimpleMessageListenerContainer - Restarting Consumer@28a2156: tags=[[]], channel=null, acknowledgeMode=MANUAL local queue size=0
2026-10-01 17:24:32.979 [org.springframework.amqp.rabbit.RabbitListenerEndpointContainer#0-139] [] [] INFO  o.s.a.r.c.CachingConnectionFactory - Attempting to connect to: [127.0.0.1:5672]
2026-10-01 17:24:32.991 [org.springframework.amqp.rabbit.RabbitListenerEndpointContainer#0-139] [] [] ERROR o.s.a.r.l.SimpleMessageListenerContainer - Failed to check/redeclare auto-delete queue(s).
2026-10-01 17:24:32.991 [org.springframework.amqp.rabbit.RabbitListenerEndpointContainer#0-139] [] [] INFO  o.s.a.r.c.CachingConnectionFactory - Attempting to connect to: [127.0.0.1:5672]
2026-10-01 17:24:38.088 [org.springframework.amqp.rabbit.RabbitListenerEndpointContainer#0-139] [] [] WARN  o.s.a.r.l.SimpleMessageListenerContainer - Consumer raised exception, processing can restart if the connection factory supports it. Exception summary: org.springframework.amqp.AmqpConnectException: java.net.ConnectException: Connection refused: getsockopt
2026-10-01 17:24:38.088 [org.springframework.amqp.rabbit.RabbitListenerEndpointContainer#0-139] [] [] INFO  o.s.a.r.l.SimpleMessageListenerContainer - Restarting Consumer@9cdc3da: tags=[[]], channel=null, acknowledgeMode=MANUAL local queue size=0
2026-10-01 17:24:38.090 [org.springframework.amqp.rabbit.RabbitListenerEndpointContainer#0-140] [] [] INFO  o.s.a.r.c.CachingConnectionFactory - Attempting to connect to: [127.0.0.1:5672]
2026-10-01 17:24:38.103 [org.springframework.amqp.rabbit.RabbitListenerEndpointContainer#0-140] [] [] ERROR o.s.a.r.l.SimpleMessageListenerContainer - Failed to check/redeclare auto-delete queue(s).
2026-10-01 17:24:38.103 [org.springframework.amqp.rabbit.RabbitListenerEndpointContainer#0-140] [] [] INFO  o.s.a.r.c.CachingConnectionFactory - Attempting to connect to: [127.0.0.1:5672]
2026-10-01 17:24:43.260 [org.springframework.amqp.rabbit.RabbitListenerEndpointContainer#0-140] [] [] WARN  o.s.a.r.l.SimpleMessageListenerContainer - Consumer raised exception, processing can restart if the connection factory supports it. Exception summary: org.springframework.amqp.AmqpConnectException: java.net.ConnectException: Connection refused: getsockopt
2026-10-01 17:24:43.263 [org.springframework.amqp.rabbit.RabbitListenerEndpointContainer#0-140] [] [] INFO  o.s.a.r.l.SimpleMessageListenerContainer - Restarting Consumer@174ac971: tags=[[]], channel=null, acknowledgeMode=MANUAL local queue size=0
2026-10-01 17:24:43.266 [org.springframework.amqp.rabbit.RabbitListenerEndpointContainer#0-141] [] [] INFO  o.s.a.r.c.CachingConnectionFactory - Attempting to connect to: [127.0.0.1:5672]
2026-10-01 17:24:43.267 [org.springframework.amqp.rabbit.RabbitListenerEndpointContainer#0-141] [] [] ERROR o.s.a.r.l.SimpleMessageListenerContainer - Failed to check/redeclare auto-delete queue(s).
2026-10-01 17:24:43.267 [org.springframework.amqp.rabbit.RabbitListenerEndpointContainer#0-141] [] [] INFO  o.s.a.r.c.CachingConnectionFactory - Attempting to connect to: [127.0.0.1:5672]
2026-10-01 17:24:48.378 [org.springframework.amqp.rabbit.RabbitListenerEndpointContainer#0-141] [] [] WARN  o.s.a.r.l.SimpleMessageListenerContainer - Consumer raised exception, processing can restart if the connection factory supports it. Exception summary: org.springframework.amqp.AmqpConnectException: java.net.ConnectException: Connection refused: getsockopt
2026-10-01 17:24:48.379 [org.springframework.amqp.rabbit.RabbitListenerEndpointContainer#0-141] [] [] INFO  o.s.a.r.l.SimpleMessageListenerContainer - Restarting Consumer@5093e7b4: tags=[[]], channel=null, acknowledgeMode=MANUAL local queue size=0
2026-10-01 17:24:48.381 [org.springframework.amqp.rabbit.RabbitListenerEndpointContainer#0-142] [] [] INFO  o.s.a.r.c.CachingConnectionFactory - Attempting to connect to: [127.0.0.1:5672]
2026-10-01 17:24:48.383 [org.springframework.amqp.rabbit.RabbitListenerEndpointContainer#0-142] [] [] ERROR o.s.a.r.l.SimpleMessageListenerContainer - Failed to check/redeclare auto-delete queue(s).
2026-10-01 17:24:48.383 [org.springframework.amqp.rabbit.RabbitListenerEndpointContainer#0-142] [] [] INFO  o.s.a.r.c.CachingConnectionFactory - Attempting to connect to: [127.0.0.1:5672]
2026-10-01 17:24:53.586 [org.springframework.amqp.rabbit.RabbitListenerEndpointContainer#0-142] [] [] WARN  o.s.a.r.l.SimpleMessageListenerContainer - Consumer raised exception, processing can restart if the connection factory supports it. Exception summary: org.springframework.amqp.AmqpConnectException: java.net.ConnectException: Connection refused: getsockopt
2026-10-01 17:24:53.588 [org.springframework.amqp.rabbit.RabbitListenerEndpointContainer#0-142] [] [] INFO  o.s.a.r.l.SimpleMessageListenerContainer - Restarting Consumer@10bbbaf1: tags=[[]], channel=null, acknowledgeMode=MANUAL local queue size=0
2026-10-01 17:24:53.593 [org.springframework.amqp.rabbit.RabbitListenerEndpointContainer#0-143] [] [] INFO  o.s.a.r.c.CachingConnectionFactory - Attempting to connect to: [127.0.0.1:5672]
2026-10-01 17:24:53.619 [org.springframework.amqp.rabbit.RabbitListenerEndpointContainer#0-143] [] [] ERROR o.s.a.r.l.SimpleMessageListenerContainer - Failed to check/redeclare auto-delete queue(s).
2026-10-01 17:24:53.619 [org.springframework.amqp.rabbit.RabbitListenerEndpointContainer#0-143] [] [] INFO  o.s.a.r.c.CachingConnectionFactory - Attempting to connect to: [127.0.0.1:5672]
2026-10-01 17:24:58.937 [org.springframework.amqp.rabbit.RabbitListenerEndpointContainer#0-143] [] [] WARN  o.s.a.r.l.SimpleMessageListenerContainer - Consumer raised exception, processing can restart if the connection factory supports it. Exception summary: org.springframework.amqp.AmqpConnectException: java.net.ConnectException: Connection refused: getsockopt
2026-10-01 17:24:58.938 [org.springframework.amqp.rabbit.RabbitListenerEndpointContainer#0-143] [] [] INFO  o.s.a.r.l.SimpleMessageListenerContainer - Restarting Consumer@7c6dc71a: tags=[[]], channel=null, acknowledgeMode=MANUAL local queue size=0
2026-10-01 17:24:58.941 [org.springframework.amqp.rabbit.RabbitListenerEndpointContainer#0-144] [] [] INFO  o.s.a.r.c.CachingConnectionFactory - Attempting to connect to: [127.0.0.1:5672]
2026-10-01 17:24:58.943 [org.springframework.amqp.rabbit.RabbitListenerEndpointContainer#0-144] [] [] ERROR o.s.a.r.l.SimpleMessageListenerContainer - Failed to check/redeclare auto-delete queue(s).
2026-10-01 17:24:58.943 [org.springframework.amqp.rabbit.RabbitListenerEndpointContainer#0-144] [] [] INFO  o.s.a.r.c.CachingConnectionFactory - Attempting to connect to: [127.0.0.1:5672]
2026-10-01 17:25:04.572 [org.springframework.amqp.rabbit.RabbitListenerEndpointContainer#0-144] [] [] WARN  o.s.a.r.l.SimpleMessageListenerContainer - Consumer raised exception, processing can restart if the connection factory supports it. Exception summary: org.springframework.amqp.AmqpConnectException: java.net.ConnectException: Connection refused: getsockopt
2026-10-01 17:25:04.573 [org.springframework.amqp.rabbit.RabbitListenerEndpointContainer#0-144] [] [] INFO  o.s.a.r.l.SimpleMessageListenerContainer - Restarting Consumer@6ef2dc8b: tags=[[]], channel=null, acknowledgeMode=MANUAL local queue size=0
2026-10-01 17:25:04.585 [org.springframework.amqp.rabbit.RabbitListenerEndpointContainer#0-145] [] [] INFO  o.s.a.r.c.CachingConnectionFactory - Attempting to connect to: [127.0.0.1:5672]
2026-10-01 17:25:04.586 [org.springframework.amqp.rabbit.RabbitListenerEndpointContainer#0-145] [] [] ERROR o.s.a.r.l.SimpleMessageListenerContainer - Failed to check/redeclare auto-delete queue(s).
2026-10-01 17:25:04.586 [org.springframework.amqp.rabbit.RabbitListenerEndpointContainer#0-145] [] [] INFO  o.s.a.r.c.CachingConnectionFactory - Attempting to connect to: [127.0.0.1:5672]
2026-10-01 17:25:10.004 [org.springframework.amqp.rabbit.RabbitListenerEndpointContainer#0-145] [] [] WARN  o.s.a.r.l.SimpleMessageListenerContainer - Consumer raised exception, processing can restart if the connection factory supports it. Exception summary: org.springframework.amqp.AmqpConnectException: java.net.ConnectException: Connection refused: getsockopt
2026-10-01 17:25:10.005 [org.springframework.amqp.rabbit.RabbitListenerEndpointContainer#0-145] [] [] INFO  o.s.a.r.l.SimpleMessageListenerContainer - Restarting Consumer@23f703b2: tags=[[]], channel=null, acknowledgeMode=MANUAL local queue size=0
2026-10-01 17:25:10.008 [org.springframework.amqp.rabbit.RabbitListenerEndpointContainer#0-146] [] [] INFO  o.s.a.r.c.CachingConnectionFactory - Attempting to connect to: [127.0.0.1:5672]
2026-10-01 17:25:10.010 [org.springframework.amqp.rabbit.RabbitListenerEndpointContainer#0-146] [] [] ERROR o.s.a.r.l.SimpleMessageListenerContainer - Failed to check/redeclare auto-delete queue(s).
2026-10-01 17:25:10.010 [org.springframework.amqp.rabbit.RabbitListenerEndpointContainer#0-146] [] [] INFO  o.s.a.r.c.CachingConnectionFactory - Attempting to connect to: [127.0.0.1:5672]
2026-10-01 17:25:16.186 [org.springframework.amqp.rabbit.RabbitListenerEndpointContainer#0-146] [] [] WARN  o.s.a.r.l.SimpleMessageListenerContainer - Consumer raised exception, processing can restart if the connection factory supports it. Exception summary: org.springframework.amqp.AmqpConnectException: java.net.ConnectException: Connection refused: getsockopt
2026-10-01 17:25:16.187 [org.springframework.amqp.rabbit.RabbitListenerEndpointContainer#0-146] [] [] INFO  o.s.a.r.l.SimpleMessageListenerContainer - Restarting Consumer@7ebaeaed: tags=[[]], channel=null, acknowledgeMode=MANUAL local queue size=0
2026-10-01 17:25:16.189 [org.springframework.amqp.rabbit.RabbitListenerEndpointContainer#0-147] [] [] INFO  o.s.a.r.c.CachingConnectionFactory - Attempting to connect to: [127.0.0.1:5672]
2026-10-01 17:25:16.190 [org.springframework.amqp.rabbit.RabbitListenerEndpointContainer#0-147] [] [] ERROR o.s.a.r.l.SimpleMessageListenerContainer - Failed to check/redeclare auto-delete queue(s).
2026-10-01 17:25:16.190 [org.springframework.amqp.rabbit.RabbitListenerEndpointContainer#0-147] [] [] INFO  o.s.a.r.c.CachingConnectionFactory - Attempting to connect to: [127.0.0.1:5672]
2026-10-01 17:25:22.392 [org.springframework.amqp.rabbit.RabbitListenerEndpointContainer#0-147] [] [] WARN  o.s.a.r.l.SimpleMessageListenerContainer - Consumer raised exception, processing can restart if the connection factory supports it. Exception summary: org.springframework.amqp.AmqpConnectException: java.net.ConnectException: Connection refused: getsockopt
2026-10-01 17:25:22.392 [org.springframework.amqp.rabbit.RabbitListenerEndpointContainer#0-147] [] [] INFO  o.s.a.r.l.SimpleMessageListenerContainer - Restarting Consumer@47f6bf5b: tags=[[]], channel=null, acknowledgeMode=MANUAL local queue size=0
2026-10-01 17:25:22.396 [org.springframework.amqp.rabbit.RabbitListenerEndpointContainer#0-148] [] [] INFO  o.s.a.r.c.CachingConnectionFactory - Attempting to connect to: [127.0.0.1:5672]
2026-10-01 17:25:22.397 [org.springframework.amqp.rabbit.RabbitListenerEndpointContainer#0-148] [] [] ERROR o.s.a.r.l.SimpleMessageListenerContainer - Failed to check/redeclare auto-delete queue(s).
2026-10-01 17:25:22.397 [org.springframework.amqp.rabbit.RabbitListenerEndpointContainer#0-148] [] [] INFO  o.s.a.r.c.CachingConnectionFactory - Attempting to connect to: [127.0.0.1:5672]
2026-10-01 17:25:27.587 [org.springframework.amqp.rabbit.RabbitListenerEndpointContainer#0-148] [] [] WARN  o.s.a.r.l.SimpleMessageListenerContainer - Consumer raised exception, processing can restart if the connection factory supports it. Exception summary: org.springframework.amqp.AmqpConnectException: java.net.ConnectException: Connection refused: getsockopt
2026-10-01 17:25:27.590 [org.springframework.amqp.rabbit.RabbitListenerEndpointContainer#0-148] [] [] INFO  o.s.a.r.l.SimpleMessageListenerContainer - Restarting Consumer@14647b47: tags=[[]], channel=null, acknowledgeMode=MANUAL local queue size=0
2026-10-01 17:25:27.596 [org.springframework.amqp.rabbit.RabbitListenerEndpointContainer#0-149] [] [] INFO  o.s.a.r.c.CachingConnectionFactory - Attempting to connect to: [127.0.0.1:5672]
2026-10-01 17:25:27.622 [org.springframework.amqp.rabbit.RabbitListenerEndpointContainer#0-149] [] [] ERROR o.s.a.r.l.SimpleMessageListenerContainer - Failed to check/redeclare auto-delete queue(s).
2026-10-01 17:25:27.622 [org.springframework.amqp.rabbit.RabbitListenerEndpointContainer#0-149] [] [] INFO  o.s.a.r.c.CachingConnectionFactory - Attempting to connect to: [127.0.0.1:5672]
2026-10-01 17:25:33.862 [org.springframework.amqp.rabbit.RabbitListenerEndpointContainer#0-149] [] [] WARN  o.s.a.r.l.SimpleMessageListenerContainer - Consumer raised exception, processing can restart if the connection factory supports it. Exception summary: org.springframework.amqp.AmqpConnectException: java.net.ConnectException: Connection refused: getsockopt
2026-10-01 17:25:35.737 [org.springframework.amqp.rabbit.RabbitListenerEndpointContainer#0-149] [] [] INFO  o.s.a.r.l.SimpleMessageListenerContainer - Restarting Consumer@2c09dd68: tags=[[]], channel=null, acknowledgeMode=MANUAL local queue size=0
2026-10-01 17:25:35.742 [org.springframework.amqp.rabbit.RabbitListenerEndpointContainer#0-150] [] [] INFO  o.s.a.r.c.CachingConnectionFactory - Attempting to connect to: [127.0.0.1:5672]
2026-10-01 17:25:35.744 [org.springframework.amqp.rabbit.RabbitListenerEndpointContainer#0-150] [] [] ERROR o.s.a.r.l.SimpleMessageListenerContainer - Failed to check/redeclare auto-delete queue(s).
2026-10-01 17:25:35.745 [org.springframework.amqp.rabbit.RabbitListenerEndpointContainer#0-150] [] [] INFO  o.s.a.r.c.CachingConnectionFactory - Attempting to connect to: [127.0.0.1:5672]
2026-10-01 17:25:41.096 [org.springframework.amqp.rabbit.RabbitListenerEndpointContainer#0-150] [] [] WARN  o.s.a.r.l.SimpleMessageListenerContainer - Consumer raised exception, processing can restart if the connection factory supports it. Exception summary: org.springframework.amqp.AmqpConnectException: java.net.ConnectException: Connection refused: getsockopt
2026-10-01 17:25:41.096 [org.springframework.amqp.rabbit.RabbitListenerEndpointContainer#0-150] [] [] INFO  o.s.a.r.l.SimpleMessageListenerContainer - Restarting Consumer@23345be1: tags=[[]], channel=null, acknowledgeMode=MANUAL local queue size=0
2026-10-01 17:25:41.099 [org.springframework.amqp.rabbit.RabbitListenerEndpointContainer#0-151] [] [] INFO  o.s.a.r.c.CachingConnectionFactory - Attempting to connect to: [127.0.0.1:5672]
2026-10-01 17:25:41.110 [org.springframework.amqp.rabbit.RabbitListenerEndpointContainer#0-151] [] [] ERROR o.s.a.r.l.SimpleMessageListenerContainer - Failed to check/redeclare auto-delete queue(s).
2026-10-01 17:25:41.111 [org.springframework.amqp.rabbit.RabbitListenerEndpointContainer#0-151] [] [] INFO  o.s.a.r.c.CachingConnectionFactory - Attempting to connect to: [127.0.0.1:5672]
2026-10-01 17:25:46.804 [org.springframework.amqp.rabbit.RabbitListenerEndpointContainer#0-151] [] [] WARN  o.s.a.r.l.SimpleMessageListenerContainer - Consumer raised exception, processing can restart if the connection factory supports it. Exception summary: org.springframework.amqp.AmqpConnectException: java.net.ConnectException: Connection refused: getsockopt
2026-10-01 17:25:46.804 [org.springframework.amqp.rabbit.RabbitListenerEndpointContainer#0-151] [] [] INFO  o.s.a.r.l.SimpleMessageListenerContainer - Restarting Consumer@38aafa41: tags=[[]], channel=null, acknowledgeMode=MANUAL local queue size=0
2026-10-01 17:25:46.808 [org.springframework.amqp.rabbit.RabbitListenerEndpointContainer#0-152] [] [] INFO  o.s.a.r.c.CachingConnectionFactory - Attempting to connect to: [127.0.0.1:5672]
2026-10-01 17:25:46.811 [org.springframework.amqp.rabbit.RabbitListenerEndpointContainer#0-152] [] [] ERROR o.s.a.r.l.SimpleMessageListenerContainer - Failed to check/redeclare auto-delete queue(s).
2026-10-01 17:25:46.811 [org.springframework.amqp.rabbit.RabbitListenerEndpointContainer#0-152] [] [] INFO  o.s.a.r.c.CachingConnectionFactory - Attempting to connect to: [127.0.0.1:5672]
2026-10-01 17:25:52.789 [org.springframework.amqp.rabbit.RabbitListenerEndpointContainer#0-152] [] [] WARN  o.s.a.r.l.SimpleMessageListenerContainer - Consumer raised exception, processing can restart if the connection factory supports it. Exception summary: org.springframework.amqp.AmqpConnectException: java.net.ConnectException: Connection refused: getsockopt
2026-10-01 17:25:52.790 [org.springframework.amqp.rabbit.RabbitListenerEndpointContainer#0-152] [] [] INFO  o.s.a.r.l.SimpleMessageListenerContainer - Restarting Consumer@6eae21f7: tags=[[]], channel=null, acknowledgeMode=MANUAL local queue size=0
2026-10-01 17:25:52.801 [org.springframework.amqp.rabbit.RabbitListenerEndpointContainer#0-153] [] [] INFO  o.s.a.r.c.CachingConnectionFactory - Attempting to connect to: [127.0.0.1:5672]
2026-10-01 17:25:52.803 [org.springframework.amqp.rabbit.RabbitListenerEndpointContainer#0-153] [] [] ERROR o.s.a.r.l.SimpleMessageListenerContainer - Failed to check/redeclare auto-delete queue(s).
2026-10-01 17:25:52.803 [org.springframework.amqp.rabbit.RabbitListenerEndpointContainer#0-153] [] [] INFO  o.s.a.r.c.CachingConnectionFactory - Attempting to connect to: [127.0.0.1:5672]
2026-10-01 17:25:59.044 [org.springframework.amqp.rabbit.RabbitListenerEndpointContainer#0-153] [] [] WARN  o.s.a.r.l.SimpleMessageListenerContainer - Consumer raised exception, processing can restart if the connection factory supports it. Exception summary: org.springframework.amqp.AmqpConnectException: java.net.ConnectException: Connection refused: getsockopt
2026-10-01 17:25:59.044 [org.springframework.amqp.rabbit.RabbitListenerEndpointContainer#0-153] [] [] INFO  o.s.a.r.l.SimpleMessageListenerContainer - Restarting Consumer@3d8ccb6c: tags=[[]], channel=null, acknowledgeMode=MANUAL local queue size=0
2026-10-01 17:25:59.054 [org.springframework.amqp.rabbit.RabbitListenerEndpointContainer#0-154] [] [] INFO  o.s.a.r.c.CachingConnectionFactory - Attempting to connect to: [127.0.0.1:5672]
2026-10-01 17:25:59.057 [org.springframework.amqp.rabbit.RabbitListenerEndpointContainer#0-154] [] [] ERROR o.s.a.r.l.SimpleMessageListenerContainer - Failed to check/redeclare auto-delete queue(s).
2026-10-01 17:25:59.058 [org.springframework.amqp.rabbit.RabbitListenerEndpointContainer#0-154] [] [] INFO  o.s.a.r.c.CachingConnectionFactory - Attempting to connect to: [127.0.0.1:5672]
2026-10-01 17:26:05.238 [org.springframework.amqp.rabbit.RabbitListenerEndpointContainer#0-154] [] [] WARN  o.s.a.r.l.SimpleMessageListenerContainer - Consumer raised exception, processing can restart if the connection factory supports it. Exception summary: org.springframework.amqp.AmqpConnectException: java.net.ConnectException: Connection refused: getsockopt
2026-10-01 17:26:05.239 [org.springframework.amqp.rabbit.RabbitListenerEndpointContainer#0-154] [] [] INFO  o.s.a.r.l.SimpleMessageListenerContainer - Restarting Consumer@68acc5bd: tags=[[]], channel=null, acknowledgeMode=MANUAL local queue size=0
2026-10-01 17:26:05.244 [org.springframework.amqp.rabbit.RabbitListenerEndpointContainer#0-155] [] [] INFO  o.s.a.r.c.CachingConnectionFactory - Attempting to connect to: [127.0.0.1:5672]
2026-10-01 17:26:05.247 [org.springframework.amqp.rabbit.RabbitListenerEndpointContainer#0-155] [] [] ERROR o.s.a.r.l.SimpleMessageListenerContainer - Failed to check/redeclare auto-delete queue(s).
2026-10-01 17:26:05.248 [org.springframework.amqp.rabbit.RabbitListenerEndpointContainer#0-155] [] [] INFO  o.s.a.r.c.CachingConnectionFactory - Attempting to connect to: [127.0.0.1:5672]
Exception in thread "org.springframework.amqp.rabbit.RabbitListenerEndpointContainer#0-155" MEASURE PROBLEM progress-n3000 arm OLD failed: java.lang.OutOfMemoryError: Java heap space
java.lang.OutOfMemoryError: Java heap space
	at java.base/java.lang.Throwable.toString(Throwable.java:498)
	at java.base/java.lang.String.valueOf(String.java:4465)
	at org.springframework.amqp.rabbit.listener.SimpleMessageListenerContainer$AsyncMessageProcessingConsumer.logConsumerException(SimpleMessageListenerContainer.java:1593)
	at org.springframework.amqp.rabbit.listener.SimpleMessageListenerContainer$AsyncMessageProcessingConsumer.run(SimpleMessageListenerContainer.java:1397)
	at java.base/java.lang.Thread.runWith(Thread.java:1596)
	at java.base/java.lang.Thread.run(Thread.java:1583)

Exception: java.lang.OutOfMemoryError thrown from the UncaughtExceptionHandler in thread "mysql-cj-abandoned-connection-cleanup"

Exception: java.lang.OutOfMemoryError thrown from the UncaughtExceptionHandler in thread "surefire-forkedjvm-command-thread"
[INFO] 
[INFO] Results:
[INFO] 
[INFO] Tests run: 0, Failures: 0, Errors: 0, Skipped: 0
[INFO] 
[INFO] ------------------------------------------------------------------------
[INFO] BUILD FAILURE
[INFO] ------------------------------------------------------------------------
[INFO] Total time:  18:29 min
[INFO] Finished at: 2026-10-01T17:30:23+08:00
[INFO] ------------------------------------------------------------------------
[ERROR] Failed to execute goal org.apache.maven.plugins:maven-surefire-plugin:3.5.3:test (default-test) on project exam-online: 
[ERROR] 
[ERROR] See D:\code\examOnline\target\surefire-reports for the individual test results.
[ERROR] See dump files (if any exist) [date].dump, [date]-jvmRun[N].dump and [date].dumpstream.
[ERROR] The forked VM terminated without properly saying goodbye. VM crash or System.exit called?
[ERROR] Command was cmd.exe /X /C "D:\develop1\jdk21\bin\java -Xmx6g -jar C:\Users\fzdzzj\AppData\Local\Temp\surefire4761099189820790061\surefirebooter-20261001171217046_3.jar C:\Users\fzdzzj\AppData\Local\Temp\surefire4761099189820790061 2026-10-01T17-12-16_378-jvmRun1 surefire-20261001171217046_1tmp surefire_0-20261001171217046_2tmp"
[ERROR] Error occurred in starting fork, check output in log
[ERROR] Process Exit Code: -1
[ERROR] Crashed tests:
[ERROR] com.exam.scalar.measure.GradingScoreProjectionMeasureIT
[ERROR] org.apache.maven.surefire.booter.SurefireBooterForkException: The forked VM terminated without properly saying goodbye. VM crash or System.exit called?
[ERROR] Command was cmd.exe /X /C "D:\develop1\jdk21\bin\java -Xmx6g -jar C:\Users\fzdzzj\AppData\Local\Temp\surefire4761099189820790061\surefirebooter-20261001171217046_3.jar C:\Users\fzdzzj\AppData\Local\Temp\surefire4761099189820790061 2026-10-01T17-12-16_378-jvmRun1 surefire-20261001171217046_1tmp surefire_0-20261001171217046_2tmp"
[ERROR] Error occurred in starting fork, check output in log
[ERROR] Process Exit Code: -1
[ERROR] Crashed tests:
[ERROR] com.exam.scalar.measure.GradingScoreProjectionMeasureIT
[ERROR] 	at org.apache.maven.plugin.surefire.booterclient.ForkStarter.fork(ForkStarter.java:643)
[ERROR] 	at org.apache.maven.plugin.surefire.booterclient.ForkStarter.run(ForkStarter.java:285)
[ERROR] 	at org.apache.maven.plugin.surefire.booterclient.ForkStarter.run(ForkStarter.java:250)
[ERROR] 	at org.apache.maven.plugin.surefire.AbstractSurefireMojo.executeProvider(AbstractSurefireMojo.java:1337)
[ERROR] 	at org.apache.maven.plugin.surefire.AbstractSurefireMojo.executeAfterPreconditionsChecked(AbstractSurefireMojo.java:1135)
[ERROR] 	at org.apache.maven.plugin.surefire.AbstractSurefireMojo.execute(AbstractSurefireMojo.java:969)
[ERROR] 	at org.apache.maven.plugin.DefaultBuildPluginManager.executeMojo(DefaultBuildPluginManager.java:126)
[ERROR] 	at org.apache.maven.lifecycle.internal.MojoExecutor.doExecute2(MojoExecutor.java:328)
[ERROR] 	at org.apache.maven.lifecycle.internal.MojoExecutor.doExecute(MojoExecutor.java:316)
[ERROR] 	at org.apache.maven.lifecycle.internal.MojoExecutor.execute(MojoExecutor.java:212)
[ERROR] 	at org.apache.maven.lifecycle.internal.MojoExecutor.execute(MojoExecutor.java:174)
[ERROR] 	at org.apache.maven.lifecycle.internal.MojoExecutor.access$000(MojoExecutor.java:75)
[ERROR] 	at org.apache.maven.lifecycle.internal.MojoExecutor$1.run(MojoExecutor.java:162)
[ERROR] 	at org.apache.maven.plugin.DefaultMojosExecutionStrategy.execute(DefaultMojosExecutionStrategy.java:39)
[ERROR] 	at org.apache.maven.lifecycle.internal.MojoExecutor.execute(MojoExecutor.java:159)
[ERROR] 	at org.apache.maven.lifecycle.internal.LifecycleModuleBuilder.buildProject(LifecycleModuleBuilder.java:105)
[ERROR] 	at org.apache.maven.lifecycle.internal.LifecycleModuleBuilder.buildProject(LifecycleModuleBuilder.java:73)
[ERROR] 	at org.apache.maven.lifecycle.internal.builder.singlethreaded.SingleThreadedBuilder.build(SingleThreadedBuilder.java:53)
[ERROR] 	at org.apache.maven.lifecycle.internal.LifecycleStarter.execute(LifecycleStarter.java:118)
[ERROR] 	at org.apache.maven.DefaultMaven.doExecute(DefaultMaven.java:261)
[ERROR] 	at org.apache.maven.DefaultMaven.doExecute(DefaultMaven.java:173)
[ERROR] 	at org.apache.maven.DefaultMaven.execute(DefaultMaven.java:101)
[ERROR] 	at org.apache.maven.cli.MavenCli.execute(MavenCli.java:906)
[ERROR] 	at org.apache.maven.cli.MavenCli.doMain(MavenCli.java:283)
[ERROR] 	at org.apache.maven.cli.MavenCli.main(MavenCli.java:206)
[ERROR] 	at java.base/jdk.internal.reflect.DirectMethodHandleAccessor.invoke(DirectMethodHandleAccessor.java:103)
[ERROR] 	at java.base/java.lang.reflect.Method.invoke(Method.java:580)
[ERROR] 	at org.codehaus.plexus.classworlds.launcher.Launcher.launchEnhanced(Launcher.java:283)
[ERROR] 	at org.codehaus.plexus.classworlds.launcher.Launcher.launch(Launcher.java:226)
[ERROR] 	at org.codehaus.plexus.classworlds.launcher.Launcher.mainWithExitCode(Launcher.java:407)
[ERROR] 	at org.codehaus.plexus.classworlds.launcher.Launcher.main(Launcher.java:348)
[ERROR] 	at java.base/jdk.internal.reflect.DirectMethodHandleAccessor.invoke(DirectMethodHandleAccessor.java:103)
[ERROR] 	at java.base/java.lang.reflect.Method.invoke(Method.java:580)
[ERROR] 	at org.apache.maven.wrapper.BootstrapMainStarter.start(BootstrapMainStarter.java:52)
[ERROR] 	at org.apache.maven.wrapper.WrapperExecutor.execute(WrapperExecutor.java:161)
[ERROR] 	at org.apache.maven.wrapper.MavenWrapperMain.main(MavenWrapperMain.java:73)
[ERROR] 
[ERROR] -> [Help 1]
[ERROR] 
[ERROR] To see the full stack trace of the errors, re-run Maven with the -e switch.
[ERROR] Re-run Maven using the -X switch to enable full debug logging.
[ERROR] 
[ERROR] For more information about the errors and possible solutions, please read the following articles:
[ERROR] [Help 1] http://cwiki.apache.org/confluence/display/MAVEN/MojoExecutionException
